cluster,Alcohol,Malic acid,Ash,Alcalinity of ash,Magnesium,Total phenols,Flavanoids,Nonflavanoid phenols,Proanthocyanins,Color intensity,Hue,OD280/OD315 of diluted wines,Proline
0,-0.9260718451740648,-0.39404153504617817,-0.4945167601326516,0.1706018444091922,-0.49171185287238434,-0.07598264511385998,0.020812568569806213,-0.03353356628877943,0.0582655047482999,-0.9019140201262632,0.46180361338450265,0.2707641889998875,-0.7538461838536583
1,0.16490746461351463,0.8715470612840809,0.1868983297381912,0.5243674579494929,-0.0754727668923912,-0.9793302863182473,-1.215247637225783,0.7260635362353484,-0.7797063884392605,0.9415387376956255,-1.1647886497859405,-1.2924116262831786,-0.40708795750950205
2,0.8352320845326583,-0.3038096830239766,0.3647060418060396,-0.6101912942261556,0.577586799164789,0.8852373634617984,0.9778195571206041,-0.5620896538585812,0.5802865806735931,0.17106347880210032,0.47398364950145694,0.7792471073459593,1.1251852868301997
