Model,Accuracy,Precision,Recall,F1,ROC_AUC
Logistic Regression (L2),0.8,0.4266666666666667,0.7272727272727273,0.5378151260504201,0.80814639905549
Random Forest,0.8581818181818182,0.6470588235294118,0.25,0.36065573770491804,0.8050964187327824
Logistic Regression (L1),0.7818181818181819,0.3974358974358974,0.7045454545454546,0.5081967213114754,0.8044077134986225
SGD Log-Loss,0.7454545454545455,0.32894736842105265,0.5681818181818182,0.4166666666666667,0.7559031877213696
