model,training_time_seconds,prediction_time_seconds
Information Gain Decision Tree,0.022918500006198883,0.006491399995866232
Gini Index Decision Tree,0.010192999994615093,0.03069369999866467
Naive Bayes,0.003054899993003346,0.004409100001794286
Support Vector Machine,0.18471439999120776,0.029385799993178807
