model,training_time_seconds,prediction_time_seconds
Information Gain Decision Tree,0.019035000004805624,0.010591999991447665
Gini Index Decision Tree,0.010208500010776334,0.004581999994115904
Naive Bayes,0.003741199994692579,0.00565669999923557
Support Vector Machine,0.16791220000595786,0.029981100000441074
