id,pc1,pc2,cluster_algorithm,k,cluster
1,-3.4786517567094255,-0.49485499051316884,kmeans,3,2
2,-1.2469903979855057,-0.12447558925573522,kmeans,3,2
3,1.4439640748033613,-1.4432089536992212,kmeans,3,0
4,-1.633415654024924,0.898186185810094,kmeans,3,2
5,3.3254821949651876,-0.523328160289053,kmeans,3,1
6,-1.8798526850043848,0.18603079969170877,kmeans,3,2
7,-1.8150065376505324,1.7141432333062427,kmeans,3,2
8,-0.12485547230406674,1.1876623655780512,kmeans,3,2
9,-1.040880375732656,0.9051394418497589,kmeans,3,2
10,-3.096444822548605,0.32430564307192467,kmeans,3,2
11,0.06264388269818225,-0.28985452015938,kmeans,3,2
12,-1.8547233573268547,0.42120999675504905,kmeans,3,2
13,0.47937078687058404,-1.5192586023878156,kmeans,3,2
14,-0.9785910064848294,-0.10347829670997236,kmeans,3,2
15,1.1747976329339354,1.2797854306604128,kmeans,3,1
16,0.7963937460836772,-0.1540749607017166,kmeans,3,1
17,-1.6863957113452586,0.5728924215730201,kmeans,3,2
18,-0.16531759799675547,0.0035533806234387347,kmeans,3,2
19,-0.7495574841103746,0.8860946071266323,kmeans,3,2
20,2.2145937342641213,0.6048360677900232,kmeans,3,1
21,0.17743380064300285,0.6034337496818422,kmeans,3,2
22,-0.49301601527107625,-0.1380809084530508,kmeans,3,2
23,-0.42717576687493986,0.7471381762397009,kmeans,3,2
24,-0.8397034945987049,-1.543231343293819,kmeans,3,0
25,-1.8718073370110837,1.5470809181308471,kmeans,3,0
26,-1.2878601098085665,-0.5343076028608601,kmeans,3,2
27,-0.6370343609160394,-0.6158406126641097,kmeans,3,2
28,0.25014499103604276,3.239729135824165,kmeans,3,2
29,0.17665401870305678,1.278067658173007,kmeans,3,2
30,-3.113553868390162,-1.9628509576722006,kmeans,3,2
31,-0.8273374186268913,0.7860731016349367,kmeans,3,2
32,-2.3550264216594647,0.7632390846098851,kmeans,3,2
33,-1.7117297295862204,-1.6530129211386224,kmeans,3,2
34,-2.8355998487634677,0.6719999686146981,kmeans,3,2
35,0.23033999739486116,-2.215162542770407,kmeans,3,2
36,-1.4869279408995761,0.03272131927455704,kmeans,3,2
37,-1.7458520002064515,-0.4564913796971802,kmeans,3,2
38,-2.427783719333493,0.4437813802245029,kmeans,3,2
39,-1.6772746051778347,1.7466202174292045,kmeans,3,2
40,-1.379723179330538,2.0893338251202405,kmeans,3,2
41,1.0510195776746147,-0.8240610727429432,kmeans,3,1
42,0.24233921891595916,-2.6023010283898835,kmeans,3,2
43,-0.7477090500142796,0.5939442897282373,kmeans,3,2
44,1.3567891645634622,-2.0646252104877383,kmeans,3,1
45,-1.1248783225777947,-2.0162250141886577,kmeans,3,2
46,-1.8856776659578467,0.4506658842308051,kmeans,3,2
47,1.848979969997277,-1.3808759497369123,kmeans,3,1
48,-1.7508627608857183,-5.419768425288865,kmeans,3,0
49,-0.9234601557954728,-1.909483960643938,kmeans,3,2
50,-0.48090621397768274,0.08028836348157262,kmeans,3,2
51,1.960648011853491,-2.3691515918297283,kmeans,3,0
52,4.393022787178195,1.4078274653845053,kmeans,3,1
53,-0.8576235879416716,1.2363228180048964,kmeans,3,2
54,0.16687817996927082,-0.9235062007795249,kmeans,3,2
55,1.2516612222516041,-2.599527741088593,kmeans,3,1
56,3.494026953836797,-0.5113785372460923,kmeans,3,1
57,-0.06314432636931566,-2.5287323505728487,kmeans,3,2
58,-3.2310469465782075,1.6427099980747295,kmeans,3,2
59,-2.6531951441041275,1.044752370341368,kmeans,3,2
60,-1.7889251711231586,-1.0384950250478016,kmeans,3,2
61,-0.8420268939753902,-0.21663192255410368,kmeans,3,2
62,-1.514627694292372,2.1477532511355117,kmeans,3,2
63,-2.389645749395493,-0.9427754782161823,kmeans,3,2
64,-0.1387675417661974,1.1579971555170707,kmeans,3,2
65,3.6993872352473858,-0.43629607828572203,kmeans,3,1
66,-1.069395931023337,1.6990020011056455,kmeans,3,2
67,0.7698517351696283,0.04039712996520188,kmeans,3,1
68,-0.030773139179746778,-0.4732185501258296,kmeans,3,2
69,-0.8580276899321208,-3.551851556245403,kmeans,3,0
70,-1.734667217127324,-0.09752965980616675,kmeans,3,2
71,-3.397810807180486,1.5925763499421073,kmeans,3,2
72,2.4193892542603774,0.9255838013520294,kmeans,3,1
73,-0.7538271163280683,1.7953494567396366,kmeans,3,2
74,-1.7705788545695933,-1.0251401389884918,kmeans,3,2
75,1.0605048160483588,-0.6783281900854932,kmeans,3,1
76,-1.5335932293315906,0.0848826647965538,kmeans,3,2
77,-0.22712385576989969,0.4998354668899738,kmeans,3,2
78,-1.2206644200079293,0.8180931399528979,kmeans,3,2
79,-0.21618126210506133,1.3758493883683065,kmeans,3,2
80,-2.536112956603414,0.8774877035682602,kmeans,3,0
81,-1.1949974537146049,-0.6472987388073607,kmeans,3,2
82,-0.14929303976568525,0.7085923540874093,kmeans,3,2
83,-1.4082968776991376,-0.2904657798049362,kmeans,3,2
84,-2.4250498562587843,-0.0600612412605613,kmeans,3,2
85,3.1538282488243885,0.4185294094613049,kmeans,3,1
86,-0.8639247171395871,-0.24934483739268307,kmeans,3,2
87,0.23017841809825468,1.4208494955723039,kmeans,3,2
88,-0.13907901883861618,0.655935078364687,kmeans,3,2
89,-0.02685664343937832,0.9001229719949009,kmeans,3,2
90,-0.44172017218577597,-2.081317610602394,kmeans,3,0
91,-2.0584219427440114,2.2815516235770312,kmeans,3,2
92,1.2364063753400183,-1.1788537101264553,kmeans,3,0
93,-0.8362219195855144,0.31185757416851706,kmeans,3,2
94,-1.128642797380214,-0.5918423792327547,kmeans,3,2
95,2.312958408374564,-1.910523987879751,kmeans,3,1
96,-0.024057586520931908,0.6683472724651812,kmeans,3,2
97,0.7909883031695594,-0.10075374685208256,kmeans,3,0
98,-0.8388038427093136,0.5678008469264095,kmeans,3,2
99,2.3728378607647564,-0.6493474960652615,kmeans,3,1
100,-1.4482259052165727,2.3796111685852894,kmeans,3,2
101,0.02801485913058038,1.2375944986265512,kmeans,3,2
102,-1.5174263978192997,-1.7880044618991786,kmeans,3,2
103,-1.0534626913262757,-3.4195601428813283,kmeans,3,0
104,-1.1831044584412684,1.7182786513447201,kmeans,3,2
105,-1.645538217500176,-2.270152479268308,kmeans,3,2
106,-1.41364027217647,-0.4661782211192431,kmeans,3,2
107,1.422569961925263,-0.7881281052360506,kmeans,3,1
108,0.9700656862312901,0.4755901361256332,kmeans,3,0
109,-2.7511581745190017,1.4234540457375076,kmeans,3,2
110,-0.5704545134097131,-0.2564793113714494,kmeans,3,2
111,-1.8884473789010858,0.8725348115598873,kmeans,3,2
112,-2.01458145442985,1.4433482551276173,kmeans,3,2
113,3.4719481435114354,-0.7806487436439318,kmeans,3,1
114,-0.43810357015494433,-7.490044439736072,kmeans,3,0
115,3.0924225078886054,0.982900121343656,kmeans,3,1
116,0.9617794305111559,0.23847523643331586,kmeans,3,1
117,-0.8885642050962336,2.2105673603252742,kmeans,3,2
118,3.1199973912016277,1.5281048446600218,kmeans,3,1
119,3.49028819691351,1.170258856658691,kmeans,3,1
120,-2.0181286444692748,-0.9233900335619688,kmeans,3,2
121,-2.565378996359003,-1.209782812883325,kmeans,3,2
122,-1.1411032872737465,1.7159771330762943,kmeans,3,2
123,0.6483040792571166,2.5496233401586674,kmeans,3,2
124,0.08743641092881259,-0.5105362438185274,kmeans,3,2
125,0.6168720216473883,-0.2037978659234609,kmeans,3,2
126,-2.6912927556038433,-1.5269137426465338,kmeans,3,2
127,1.9247858511866063,-0.6012704567792229,kmeans,3,1
128,1.0169930911067997,-4.855229294673045,kmeans,3,0
129,-1.4935356994389317,-0.8824456830471986,kmeans,3,2
130,-1.4220312531505483,-1.0926326256199221,kmeans,3,2
131,-0.7952286834331541,0.0880796349885151,kmeans,3,2
132,-1.6212805273259125,-2.5784820540993647,kmeans,3,0
133,3.884242969228558,2.1638633916192895,kmeans,3,1
134,-1.6860555298370508,0.15245527248771648,kmeans,3,2
135,-0.3387358095201223,-2.955854827281121,kmeans,3,0
136,1.762674605711433,-0.6919481440488351,kmeans,3,1
137,-0.977080341827248,-1.978833898633265,kmeans,3,0
138,0.6670918096023583,-0.031260032127833424,kmeans,3,1
139,3.9708779231757787,-0.49805772700996703,kmeans,3,1
140,0.45323660454791515,0.5004859328355316,kmeans,3,2
141,1.9600155911806862,0.14490651854698008,kmeans,3,1
142,0.5386714014678167,1.0351365769767757,kmeans,3,2
143,3.4383586105283075,0.006566393178556472,kmeans,3,1
144,-0.4255509809787398,0.23682591877829814,kmeans,3,0
145,2.9080612187706625,0.05287223578094197,kmeans,3,1
146,3.2038355491764254,-1.7107874726379455,kmeans,3,1
147,1.7356830641330998,0.6731727045677117,kmeans,3,1
148,1.2808959863453826,1.4051010191101,kmeans,3,1
149,1.86499798215726,1.1554161061965156,kmeans,3,0
150,2.2724179848815873,-0.3643147280413002,kmeans,3,1
151,0.4583672213672372,-1.5412693114463316,kmeans,3,2
152,-1.557507043245279,-1.60400849976282,kmeans,3,2
153,0.5275362426459006,-1.2203563968933895,kmeans,3,0
154,2.0823128032553204,0.5178902109106367,kmeans,3,1
155,0.05982373974846603,-1.363413567278468,kmeans,3,2
156,-1.952504480492859,1.076450804392794,kmeans,3,2
157,2.390040289023405,-0.4801433360321861,kmeans,3,1
158,-1.1594169536019219,-0.10891073843055618,kmeans,3,2
159,-1.3889155186338773,-1.7971140389648388,kmeans,3,0
160,0.6739597577316285,-0.3800464355309195,kmeans,3,1
161,-2.109451304096459,0.1387112133011514,kmeans,3,2
162,1.7809264839840997,-3.0565833650219556,kmeans,3,1
163,0.6679717530882654,0.912145363267026,kmeans,3,2
164,3.6167136258659682,1.0408254300216542,kmeans,3,1
165,3.4567790090325854,-0.34069072738247835,kmeans,3,1
166,-0.9127354036688107,1.3608221635023636,kmeans,3,2
167,-0.2228611638038454,0.15547867955944022,kmeans,3,2
168,1.3183704498073339,-0.6225812685693071,kmeans,3,1
169,3.1353303684935714,-0.05438680333157085,kmeans,3,1
170,2.2289155602262127,0.1522273478459199,kmeans,3,1
171,-2.5003594154321127,0.6782078416024738,kmeans,3,2
172,-1.1041654225615662,-0.8108101367670777,kmeans,3,2
173,-0.26449113445876177,-1.1019269396258131,kmeans,3,2
174,-1.915097404764934,0.6900275250614232,kmeans,3,2
175,-0.16835025370613857,-1.1334974076956792,kmeans,3,0
176,-1.232874858495755,-1.7673244453282981,kmeans,3,0
177,3.578781418384376,1.8669404526221276,kmeans,3,1
178,0.22510626966889533,2.578205513661694,kmeans,3,2
179,-0.7549227255250712,-0.5910462499930408,kmeans,3,2
180,-0.5845377783987983,-0.7435434575616069,kmeans,3,2
181,-2.156236450258308,-2.2643240703111838,kmeans,3,2
182,-0.619348156038637,3.2572519178585826,kmeans,3,2
183,1.0118976306535412,2.578340947418827,kmeans,3,1
184,1.7145296412148237,-1.3640256145865814,kmeans,3,1
185,-2.6318780334769856,-1.025360919047412,kmeans,3,2
186,-0.7059917711626267,-0.14201498267815515,kmeans,3,2
187,-2.014160452719229,0.19468320922726326,kmeans,3,2
188,4.641870003631073,1.192248252378987,kmeans,3,1
189,-0.6247849593937049,0.6822963900849485,kmeans,3,2
190,-1.1516239232186134,2.0092454535801934,kmeans,3,2
191,0.6627639543889244,-2.048931015007426,kmeans,3,0
192,-0.2891921142819962,-0.22076734564243466,kmeans,3,2
193,0.01504515105137027,1.6973974516084835,kmeans,3,2
194,-1.4619992058525009,0.8457774411451895,kmeans,3,2
195,-0.8964194571500332,-0.23707138535251762,kmeans,3,2
196,-0.20485629030164676,-2.161150426022399,kmeans,3,0
197,-1.7907322096768055,-0.3889346635043835,kmeans,3,2
198,1.1016780884498267,0.9921270579648177,kmeans,3,1
199,-2.513679770899471,-0.15925547411075688,kmeans,3,2
200,-2.3336085410865643,3.1103576803839648,kmeans,3,2
201,-0.1889953998738075,1.7151542251137846,kmeans,3,2
202,2.6582419257526024,-1.2858916776243863,kmeans,3,1
203,-0.28810195944602396,0.7286771508025099,kmeans,3,2
204,0.9532234503765095,-0.3148194753783891,kmeans,3,1
205,-0.7193752408009458,0.009821391924976918,kmeans,3,2
206,-1.0584309123946842,-0.1248927138312281,kmeans,3,2
207,0.6605112626860226,2.156183592288356,kmeans,3,1
208,-0.9091179020112805,0.3057633990233997,kmeans,3,2
209,0.7655378766492279,1.6691728284286427,kmeans,3,1
210,0.364165103106886,0.15434904476273928,kmeans,3,2
211,-0.4077805419595811,1.4569345445410413,kmeans,3,2
212,-1.9454270749167524,-0.6607224521073903,kmeans,3,2
213,-2.018028787766524,-0.09757522679394794,kmeans,3,2
214,-1.8672050317469053,2.201864924122936,kmeans,3,2
215,-1.1149726688834087,-2.3489919414808584,kmeans,3,2
216,-1.035687200020792,-0.21147410777999961,kmeans,3,2
217,-2.8915548130244413,1.6327728584239147,kmeans,3,2
218,0.41422761393263624,0.1654030282614077,kmeans,3,2
219,-0.08838359666303158,1.9849702816114807,kmeans,3,2
220,-2.779456553184361,-2.8560457021981964,kmeans,3,0
221,-0.6612839988837943,-1.525215835236214,kmeans,3,2
222,-0.8825418483198494,0.5894545695862737,kmeans,3,0
223,0.7031057621709722,0.8701057024244756,kmeans,3,1
224,2.367036307980747,0.5313569842832305,kmeans,3,1
225,0.07496812174707389,0.5466532864361281,kmeans,3,2
226,-0.2314234976552756,0.8292440473767803,kmeans,3,2
227,1.2448540416887155,-0.4879245226524095,kmeans,3,1
228,-1.9984401607134195,1.3809921448044198,kmeans,3,2
229,-0.7224085876197212,0.7738842684498144,kmeans,3,2
230,1.9416659499294544,-4.408832189221247,kmeans,3,0
231,-0.9675260444984479,0.2930727356230596,kmeans,3,2
232,-0.19304456004625078,2.966022239529428,kmeans,3,2
233,-2.9156959923264374,-1.2419966403334854,kmeans,3,2
234,4.215706253708152,2.0838249179248347,kmeans,3,1
235,-0.8064809789054288,-4.095830943080136,kmeans,3,0
236,0.08086812249987128,0.2128557805341846,kmeans,3,2
237,3.795350185039888,-1.1069424871578482,kmeans,3,1
238,-0.15861256830881526,-0.714286874218858,kmeans,3,2
239,0.9959234134479623,2.0343082916181943,kmeans,3,1
240,0.6680472370936272,0.7522543498666782,kmeans,3,1
241,-2.856722512689387,2.3561053463472663,kmeans,3,2
242,-0.2872885268856585,-2.197885053281643,kmeans,3,0
243,3.5413763264665703,1.6982089453962546,kmeans,3,1
244,-0.9605501617047172,-0.6152599719056192,kmeans,3,2
245,-1.6971809662568487,-0.8532841834214909,kmeans,3,2
246,-3.533070029564334,-2.7537544917622014,kmeans,3,2
247,-0.7489029505987219,-0.9792140714319003,kmeans,3,2
248,0.06794658844644245,-1.1616250278832,kmeans,3,2
249,0.7730106086632602,-0.004672183459119239,kmeans,3,1
250,-0.1696076209085554,-0.9446058075885624,kmeans,3,2
251,-2.924591620472974,-1.5170346044830332,kmeans,3,2
252,2.308124871471798,1.064146832258081,kmeans,3,1
253,-1.4393944335761013,0.5597158393282446,kmeans,3,2
254,-1.5636919816471369,-0.8129626143180916,kmeans,3,0
255,0.8085894315850064,-2.238090840291554,kmeans,3,1
256,4.1626817651417385,-2.535129575532479,kmeans,3,1
257,-1.0830674817361945,1.0603200441271583,kmeans,3,2
258,1.0027062418383714,-4.38627344924684,kmeans,3,0
259,0.01962197449582505,1.864558095685034,kmeans,3,2
260,-2.0335547710422412,1.3393832747986807,kmeans,3,2
261,-1.002451995292018,0.43247962313627514,kmeans,3,2
262,4.431220000084268,1.5981968710062413,kmeans,3,1
263,-1.0677951785747044,-1.4233375873071767,kmeans,3,2
264,-2.80668267579434,0.9998786979743975,kmeans,3,2
265,-1.2066424159502893,1.1924832822882578,kmeans,3,2
266,3.292508792611498,-2.9575198374601794,kmeans,3,1
267,-0.4224024046051412,2.9687285139140003,kmeans,3,2
268,-1.7929585678636166,0.290821604615731,kmeans,3,2
269,-2.2594240080689554,-0.08418337647467761,kmeans,3,2
270,1.7056937903094667,0.9705009435702767,kmeans,3,1
271,2.070057463527796,-1.1257729002032244,kmeans,3,1
272,-2.5114659071285814,-1.8402603336563206,kmeans,3,2
273,0.04736542579497824,-1.0324047332236836,kmeans,3,2
274,-1.9838821047584636,0.1446471154303256,kmeans,3,2
275,3.612807261928673,-0.2128838345669215,kmeans,3,1
276,0.41024121116198803,-1.200083972577106,kmeans,3,2
277,-1.4833019313718299,1.006938808623851,kmeans,3,2
278,-5.554947114816649,-1.4212946711364198,kmeans,3,2
279,-0.9417062790372797,-2.7533403222513795,kmeans,3,2
280,-1.3513907258868558,-0.8325485553006825,kmeans,3,2
281,-2.841628625737072,-2.1579139892318735,kmeans,3,2
282,-1.728815555615519,0.5674651207080457,kmeans,3,2
283,1.3951114042281425,-0.9137336572494194,kmeans,3,1
284,-0.5494724056694861,-0.7068375004694264,kmeans,3,2
285,1.4280073390043515,0.9782074016644771,kmeans,3,1
286,-2.756448926675628,-0.2317569333504233,kmeans,3,2
287,-2.1188062414049647,-0.7018221543138333,kmeans,3,2
288,2.9213677424855895,-0.08059718497843654,kmeans,3,1
289,-0.7380933747332772,-0.04963504831010765,kmeans,3,2
290,-0.4422030583895112,-0.314367218773122,kmeans,3,2
291,-1.707638537384422,2.07678046640554,kmeans,3,2
292,-0.6933650709481378,1.2563977650515596,kmeans,3,2
293,0.8465255995080418,1.4250760821122939,kmeans,3,1
294,1.604642201524998,2.2744920027011473,kmeans,3,1
295,-0.5330825693418633,1.3140311099787365,kmeans,3,2
296,-1.6723700716889465,0.7926244437764348,kmeans,3,2
297,-2.343097681219626,-1.9198700042153523,kmeans,3,2
298,2.946621205067542,0.5978385154195776,kmeans,3,1
299,1.3352880703631242,-1.0362254165474474,kmeans,3,1
300,3.5707630410015305,0.9575115753637818,kmeans,3,1
301,2.626313141530534,-0.08929542426375559,kmeans,3,1
302,0.7970040628003185,1.617102604067557,kmeans,3,1
303,-0.09542448858407426,1.9801003112891407,kmeans,3,2
304,-1.0017530918451019,-0.16022979490808176,kmeans,3,2
305,-0.39628397887948685,-0.15398642750757988,kmeans,3,2
306,-2.030627057230921,-0.14813954501887136,kmeans,3,0
307,0.42895838576162476,-1.9532450505518117,kmeans,3,2
308,5.202883706893761,1.118949565494189,kmeans,3,1
309,1.5380119102618506,1.9499115323004381,kmeans,3,1
310,0.502541072588363,-2.4064750989096293,kmeans,3,0
311,3.47986060225046,-1.0880872772708723,kmeans,3,1
312,4.094774418124577,-1.5080415056375156,kmeans,3,1
313,-0.9946100429024829,-0.6093666644342993,kmeans,3,2
314,4.039236409001266,2.1233435544526915,kmeans,3,1
315,-0.1860759585107227,-0.04392952624567582,kmeans,3,2
316,-0.8750974695243492,0.6446905346655087,kmeans,3,2
317,-0.884375570155151,0.12227419099344718,kmeans,3,2
318,-1.6323163602072877,0.11966749521276762,kmeans,3,2
319,4.636148600880962,0.4301161923873306,kmeans,3,1
320,0.7881705609679821,-1.032277538607339,kmeans,3,1
321,-1.5165660525495233,-2.1493918155224923,kmeans,3,2
322,-2.674015764143614,-0.15283981817772757,kmeans,3,2
323,3.942821196548015,-0.9339155469682273,kmeans,3,1
324,1.381027091791687,0.1679518819591985,kmeans,3,1
325,1.1005356235643464,-1.7742883663065578,kmeans,3,0
326,-0.7730981759556294,-0.9488689006996118,kmeans,3,0
327,-2.156354536771231,-1.2669037024882523,kmeans,3,2
328,2.2442851019477783,0.1015708349978059,kmeans,3,1
329,3.0178237220544517,0.655627290078436,kmeans,3,1
330,0.7417903458773638,-0.9884912474584971,kmeans,3,1
331,-2.6743143736314923,1.3342331745301264,kmeans,3,2
332,0.8988666793769767,-0.2800242862663813,kmeans,3,1
333,-2.6754796931447444,1.720766576585482,kmeans,3,2
334,-0.6767952462607172,-1.518448089422757,kmeans,3,2
335,-3.6443958457192784,2.167433350202273,kmeans,3,2
336,0.8485186623405833,-0.05486782166680715,kmeans,3,1
337,1.223246187152267,1.3366721633488297,kmeans,3,1
338,-0.26680971070854687,-2.0101399629083914,kmeans,3,2
339,3.7155170137117426,2.2822639922909307,kmeans,3,1
340,0.22993984077112542,-0.390048235573205,kmeans,3,2
341,1.6553858320598367,-2.2916637590435425,kmeans,3,0
342,-0.00862808827147984,-0.05355080633406481,kmeans,3,2
343,0.223151934119322,0.734241114443984,kmeans,3,2
344,-3.5003204080395025,-0.47078933674299667,kmeans,3,2
345,4.090421365261705,0.5987950081150756,kmeans,3,1
346,-1.4149267051091963,0.44413609348393424,kmeans,3,0
347,-0.43550687002060334,0.18967060343427103,kmeans,3,2
348,0.5345999848710781,0.4538504815373348,kmeans,3,2
349,-4.6744101540830245,-1.4764929735224277,kmeans,3,2
350,-0.24106431165932346,-0.21651341104190613,kmeans,3,2
351,1.2720916060301595,0.20143897664052168,kmeans,3,1
352,1.162297906554138,2.286710082552023,kmeans,3,1
353,-1.04379849682105,0.44100771460126686,kmeans,3,2
354,-0.06584889666649464,-1.6077604395687208,kmeans,3,2
355,-2.467189737682928,-0.34376579878726826,kmeans,3,2
356,0.5042124352318936,-0.36644178805789557,kmeans,3,2
357,1.3690700472461792,1.9453889123150536,kmeans,3,1
358,-1.6303372290712952,-0.6484084389975198,kmeans,3,2
359,-0.7348630924422784,1.1701142723512925,kmeans,3,2
360,0.21292885036818002,-0.6595832166963008,kmeans,3,2
361,1.5200135363899316,-0.3086159773486585,kmeans,3,1
362,0.2471807270340425,1.3213981080706971,kmeans,3,2
363,-0.4488723303777326,1.944341311585915,kmeans,3,2
364,4.539718236041386,1.0792405829058813,kmeans,3,1
365,-0.838135897698983,0.09370739444424775,kmeans,3,2
366,2.2799292922735006,-0.3243446137349411,kmeans,3,1
367,5.152017656583845,2.13765215565248,kmeans,3,1
368,0.6006252833801102,-1.482358678976142,kmeans,3,2
369,-1.7858884425345982,3.524568848898,kmeans,3,2
370,4.623141010572237,-0.8035357321836891,kmeans,3,1
371,-4.739636076210313,0.8420247429095561,kmeans,3,2
372,1.710833041537681,1.7089992713712059,kmeans,3,1
373,-1.0915739763845171,-0.27121940749711526,kmeans,3,2
374,-0.3720209444324011,0.01321732142772718,kmeans,3,2
375,-1.9307310767557724,0.7615432418510878,kmeans,3,2
376,0.7613933068385016,-0.6874616109545618,kmeans,3,2
377,-2.3926884354778264,2.120484938861287,kmeans,3,2
378,-1.540292799439542,1.4589779476439193,kmeans,3,2
379,4.266053450024594,1.6713838271418127,kmeans,3,1
380,0.7242919055303914,-0.3555718013587476,kmeans,3,1
381,2.1455008570202354,-0.5816715450395639,kmeans,3,1
382,-2.4540586998117324,-0.9201608693612052,kmeans,3,2
383,-2.1981083090843963,1.6271530865031871,kmeans,3,2
384,-3.487419182444166,0.3398804742292302,kmeans,3,2
385,-0.5266980503468084,-0.1363210672889684,kmeans,3,2
386,-1.699753546155577,-0.48998769952960336,kmeans,3,2
387,1.0521102158528834,0.46103854928074045,kmeans,3,1
388,3.1930198875599647,-1.159626844021344,kmeans,3,0
389,2.6360802966757038,0.7477243551013133,kmeans,3,1
390,1.7619970140598078,-2.3246348056601924,kmeans,3,0
391,-0.8509651302347065,-4.1025008421298965,kmeans,3,0
392,-0.6546644427377836,-1.9255704006242025,kmeans,3,0
393,-1.3733419156867395,-0.0321190701293126,kmeans,3,2
394,-0.8058466308167881,-0.9576700613276027,kmeans,3,2
395,-1.9120665001319768,1.7919723470271967,kmeans,3,2
396,1.4785243101220527,0.3943070709679287,kmeans,3,0
397,1.3495790012164166,0.9204641004541808,kmeans,3,1
398,3.9459241560004066,2.8634223021478697,kmeans,3,1
399,-1.118538206091999,1.8630016233830171,kmeans,3,2
400,-1.8481334272846435,-0.060866546483304154,kmeans,3,2
401,-0.08486091502791497,0.6215079806956464,kmeans,3,2
402,-3.2562928824628936,0.5610458173120869,kmeans,3,2
403,-2.3028939430884208,0.48670379425104193,kmeans,3,0
404,-1.008672254897935,1.745911501703104,kmeans,3,2
405,0.5041935738564004,-1.7131278869558744,kmeans,3,0
406,4.304426921608355,-1.0115324772064849,kmeans,3,1
407,0.7822602212193959,-2.353396529657659,kmeans,3,1
408,-2.8743310698441418,2.6575538380260664,kmeans,3,2
409,0.9678910392693455,1.415451876967254,kmeans,3,1
410,-1.3207653856825523,0.4182349440766037,kmeans,3,2
411,2.033657122576465,-0.715091565242121,kmeans,3,1
412,-2.3525757663797635,0.7826203605232138,kmeans,3,2
413,0.272724786281253,-0.7492572594246282,kmeans,3,2
414,-1.142070679980667,-0.01229821285925813,kmeans,3,2
415,-1.0332383354081611,-0.39258494989707815,kmeans,3,2
416,1.8436816021409692,0.04157757669620262,kmeans,3,1
417,-2.5225399404482074,2.4199697243820575,kmeans,3,2
418,-0.3043133869571975,-2.0376989153558096,kmeans,3,2
419,1.2080651463415344,1.1270404762945991,kmeans,3,1
420,1.4740068048450305,-2.2802079019723704,kmeans,3,0
421,-1.7165233592009306,0.08652617351519153,kmeans,3,2
422,3.6489625883881938,0.7732385397638251,kmeans,3,1
423,-2.1422889992090615,0.019736050555370255,kmeans,3,0
424,1.2045757601807534,1.6020192576987147,kmeans,3,1
425,1.4673312618231529,-0.2910257300841952,kmeans,3,1
426,-0.880048848505098,-0.7135651722748912,kmeans,3,2
427,-1.7298413557064722,-1.6430188780572959,kmeans,3,2
428,0.40578102030021046,0.04790711300073082,kmeans,3,2
429,-0.7832840206816394,-1.5216036020184318,kmeans,3,2
430,-1.0643381547111042,-0.38015483424660673,kmeans,3,2
431,4.271242222600342,-0.16529483880223794,kmeans,3,1
432,-3.4704372047352487,1.0138174649273024,kmeans,3,2
433,1.5495383217711785,3.1246872105033656,kmeans,3,1
434,-0.06177350817770957,1.4812284430069071,kmeans,3,2
435,-0.7307389938046875,1.9755582482532408,kmeans,3,2
436,1.8457205882382475,1.4557537551459383,kmeans,3,1
437,1.0596068066275468,3.648935951054745,kmeans,3,1
438,1.6259696986486585,-0.24939434592426887,kmeans,3,1
439,-0.8181392158993458,0.14143320472353352,kmeans,3,2
440,-1.0546491482616938,1.3167688015756982,kmeans,3,2
441,-4.182072155100126,1.119294279277132,kmeans,3,2
442,5.548607213142078,0.21819212508428856,kmeans,3,1
443,0.21209106928458105,1.4668260816374232,kmeans,3,2
444,3.2705497544164177,-0.16081644191964953,kmeans,3,1
445,0.867649735146371,0.0986468812836679,kmeans,3,1
446,-0.22020077417380213,1.6509380946717098,kmeans,3,2
447,1.3408558713686154,-3.1480514339265904,kmeans,3,0
448,0.4049575782752614,1.9479487486555656,kmeans,3,2
449,-0.09708040758429179,-2.8576899562641103,kmeans,3,0
450,1.2918152712803923,-0.6544327697154134,kmeans,3,1
451,0.9691648173753458,2.6410225822728943,kmeans,3,1
452,-2.404435383173544,2.518884676280782,kmeans,3,2
453,1.228701605576514,0.35688716893403444,kmeans,3,1
454,-0.6345032438365098,-1.3482416375334088,kmeans,3,2
455,1.3365031144009052,1.2047008442262173,kmeans,3,1
456,-0.475412817142729,-0.6311339186139984,kmeans,3,2
457,-1.0504170483937336,2.532313572319815,kmeans,3,2
458,-0.018700430150067428,1.0156459876179578,kmeans,3,2
459,3.853391110197687,1.7621642120508434,kmeans,3,1
460,-2.1284330783295675,0.5666690069131649,kmeans,3,2
461,5.138969529223047,2.4421738333982144,kmeans,3,1
462,0.6748673239162801,-1.1737228531161052,kmeans,3,1
463,-0.4674101751242707,-1.5463170151423629,kmeans,3,0
464,-1.659158227512825,1.4985323036829987,kmeans,3,2
465,2.2384138285335875,-0.544378130533422,kmeans,3,1
466,-2.0033923478224054,0.5837145398789887,kmeans,3,2
467,1.801399458052776,1.1042834682743254,kmeans,3,1
468,-0.5822223706291991,0.21846487770722225,kmeans,3,2
469,0.05781594693697534,0.4674319804064699,kmeans,3,2
470,-1.577969933854557,-1.0265823860463437,kmeans,3,2
471,-1.0863067413325207,-0.8624745204834441,kmeans,3,2
472,0.45374786582642657,0.0951359730868506,kmeans,3,2
473,-1.2062780229971972,-2.1185190842979567,kmeans,3,2
474,0.10238701201478982,1.1488145142937265,kmeans,3,2
475,0.5741643476163807,0.2817656400140343,kmeans,3,2
476,-0.29416721485998354,-1.7625371532432024,kmeans,3,2
477,-0.3923994431166375,-0.3555033334424513,kmeans,3,2
478,-2.0794517851177328,3.0966598802496,kmeans,3,2
479,0.4780463512501553,0.2713617635625379,kmeans,3,2
480,-0.6828685049053193,-0.0645894584062185,kmeans,3,2
481,-0.8849159891524911,-1.0532790722631524,kmeans,3,2
482,0.8577515159010078,1.572581404237587,kmeans,3,1
483,-2.544626657512429,0.38070476164808154,kmeans,3,2
484,0.9142343760649287,-0.557687076014971,kmeans,3,1
485,1.7111430115669712,-0.3403618404509028,kmeans,3,1
486,-0.0826331020994489,-0.6056787495641981,kmeans,3,2
487,4.567321053996345,0.4746836085347474,kmeans,3,1
488,1.9112777400362289,1.8911886045039668,kmeans,3,1
489,0.43561179785241266,0.7543531252053445,kmeans,3,2
490,-0.8526528876361121,0.8669427291766375,kmeans,3,2
491,-3.534099136063702,0.969340077411079,kmeans,3,2
492,-2.814583430933118,-0.4820809842500444,kmeans,3,2
493,-0.5793025498310675,1.3190017888597023,kmeans,3,2
494,-3.072820793948072,-1.2474897830327334,kmeans,3,2
495,-2.2060220703951283,2.2663250631045164,kmeans,3,2
496,-2.086177874798782,0.7055879488839939,kmeans,3,2
497,-0.06189646889988584,-0.48353747154818133,kmeans,3,2
498,-0.783374653594492,0.943085389344851,kmeans,3,2
499,-1.8219512711076387,-1.4433425462521243,kmeans,3,2
500,1.3032658859734765,1.2820599193970887,kmeans,3,1
501,1.3601526887940263,3.2546400409907315,kmeans,3,1
502,1.2886752005411795,0.12071055780644512,kmeans,3,1
503,-1.495992315324956,-0.7050256939718018,kmeans,3,2
504,2.0287964262584994,0.1770773938273163,kmeans,3,1
505,-1.8317164807871804,-0.6520223071978293,kmeans,3,2
506,0.36633236490673826,1.7510068673344454,kmeans,3,2
507,-1.8445532517447245,-2.6372420161602705,kmeans,3,2
508,0.734518208049479,0.5091085028589021,kmeans,3,1
509,0.48869048832925305,0.5049977366514141,kmeans,3,1
510,0.005597822362308937,-0.5568712312225669,kmeans,3,2
511,-0.6564621407394072,1.7642904606540084,kmeans,3,2
512,2.772384514978394,0.5829983833603336,kmeans,3,1
513,0.10742712304227037,-2.4681286064950787,kmeans,3,2
514,-3.067131292605671,1.7502698507152847,kmeans,3,2
515,-0.9113899771789881,-0.36936807749941886,kmeans,3,2
516,1.4011385734412851,2.3139661983789224,kmeans,3,1
517,-1.4576677125446957,-1.9094774034739073,kmeans,3,0
518,-2.2643386730668698,0.48553144857474195,kmeans,3,2
519,-0.92343339833647,1.7107668089522252,kmeans,3,2
520,-0.7577641324108895,-0.6023538088233242,kmeans,3,2
521,-2.1841653202186166,1.6474774696960088,kmeans,3,2
522,-0.3953934649899999,-1.3046007723652178,kmeans,3,2
523,0.12927475766505395,-0.8234709996113074,kmeans,3,2
524,-1.5286092712985286,-1.8922804363672858,kmeans,3,0
525,-0.9458969917963753,-1.4050803153237372,kmeans,3,0
526,2.7819822952918005,-1.696425687413976,kmeans,3,1
527,2.824583188140231,0.2543004196578775,kmeans,3,1
528,1.6348870926336012,-1.5840314748094748,kmeans,3,1
529,-1.7038017218748618,1.4518941537471557,kmeans,3,2
530,-3.775506378373285,-0.3967966843725405,kmeans,3,2
531,-1.1453710009014992,0.7375190095024493,kmeans,3,2
532,0.8396830026100216,2.5774746252982745,kmeans,3,1
533,2.8434380760271813,0.3877529559492806,kmeans,3,1
534,-1.4176286125982351,-0.5525091204036917,kmeans,3,2
535,5.346454692100724,1.767588561344403,kmeans,3,1
536,0.2309175848807759,1.1453058193745629,kmeans,3,2
537,1.5101647393027864,-0.9149663697560124,kmeans,3,1
538,4.299143972362907,0.6416405333380142,kmeans,3,1
539,2.5056148710952,0.3860321190760483,kmeans,3,1
540,3.1649661681713797,0.05728623045405428,kmeans,3,1
541,-2.010346790889864,0.5245838197884867,kmeans,3,2
542,1.3949612685752384,-0.2660024823974401,kmeans,3,1
543,-0.039101102563578814,0.588391078007879,kmeans,3,2
544,-0.48477533718965055,-7.116512347887042,kmeans,3,0
545,0.5654494879422765,-0.8454870325060548,kmeans,3,2
546,-2.2397871378305605,0.39096165109882536,kmeans,3,2
547,-2.4826804509646334,0.9201548172695738,kmeans,3,2
548,-0.2881009206222436,-2.024840420687321,kmeans,3,0
549,0.4826558005533916,-0.6522246816580011,kmeans,3,2
550,0.788098557222523,2.3135405238280655,kmeans,3,1
551,3.379781208253812,-1.2896674010844158,kmeans,3,1
552,4.121968179153745,0.9812586171422389,kmeans,3,1
553,0.8890660918548837,0.30566385963663345,kmeans,3,1
554,6.094999097483408,1.7321747378709147,kmeans,3,1
555,-1.3573192891175154,2.0444280149564205,kmeans,3,2
556,0.6329035628412156,-1.3376299706027337,kmeans,3,1
557,-2.2816128217431415,0.6382707133342456,kmeans,3,2
558,-1.627855665793248,-0.7369212074462765,kmeans,3,2
559,-0.39289476278046703,2.625687112430347,kmeans,3,2
560,-1.2725097403961703,1.3090574538378046,kmeans,3,2
561,-0.6416017364073665,-0.09954328969001437,kmeans,3,2
562,-0.14032938327279781,0.7624955202481865,kmeans,3,2
563,0.5375376628028148,-0.5540880927034348,kmeans,3,0
564,-2.755120860444551,-1.9763095251961083,kmeans,3,2
565,-0.16167435433363922,-1.4070208214129067,kmeans,3,2
566,3.0609945666476266,-1.0669092655948553,kmeans,3,1
567,-1.9683684006767994,-0.9657358248630954,kmeans,3,2
568,-0.11383393397517107,0.9198000207034427,kmeans,3,2
569,-0.8142147147555813,0.7219987590908614,kmeans,3,2
570,1.5283037156722106,3.8893735060583583,kmeans,3,1
571,-1.2119796429544916,3.240158792075917,kmeans,3,2
572,5.139514818749563,0.821181891207902,kmeans,3,1
573,4.653263692232983,-2.132794415100829,kmeans,3,1
574,3.699680062743574,1.0848047256780435,kmeans,3,1
575,1.3280403750903678,0.4208940557015065,kmeans,3,1
576,-0.3362224206485506,-0.15194688140240933,kmeans,3,0
577,-0.42163640486199255,-1.649935217839236,kmeans,3,2
578,-1.8910792838703747,1.5612572054281069,kmeans,3,2
579,-0.40625039854756834,-3.709736978981156,kmeans,3,0
580,-2.0788060430441964,-0.5065484713100257,kmeans,3,0
581,-3.0437120680699814,-0.6755465358325817,kmeans,3,2
582,-1.8995628957074313,0.29279034762164974,kmeans,3,2
583,-0.2734140628647864,0.7557971979748694,kmeans,3,2
584,-0.24631464974311632,-0.10186924686575116,kmeans,3,2
585,1.9231242583495454,-0.6862086537701444,kmeans,3,1
586,-2.6733399093341945,0.3102854309536513,kmeans,3,2
587,1.3505265597788214,0.7238672183586669,kmeans,3,1
588,1.115414030049617,-0.31309961458321456,kmeans,3,0
589,2.4015477003424817,0.8140352403169816,kmeans,3,1
590,-1.7477394491190335,0.09491093011089671,kmeans,3,0
591,-0.5285679588978905,-0.8637311267979543,kmeans,3,2
592,-0.31727933322519725,-0.2549730791252147,kmeans,3,2
593,1.0555582440790303,1.2029973328636159,kmeans,3,1
594,-1.046109421874518,-0.7085441199866612,kmeans,3,2
595,-1.8659183053313768,0.9421535199068032,kmeans,3,2
596,1.7438564055854209,0.4911364637673616,kmeans,3,1
597,-1.7563396086155203,1.7804515646184496,kmeans,3,2
598,0.3537201234757912,-0.3808792318404395,kmeans,3,2
599,0.6691459307668577,-1.3671316259564141,kmeans,3,1
600,-1.2472060952244048,-0.2498133683363146,kmeans,3,2
601,1.8819038340555343,1.661667376507059,kmeans,3,1
602,0.6762826776933777,0.727455455991122,kmeans,3,1
603,-0.09661971629320784,-0.13774590786899815,kmeans,3,2
604,-0.3850386093178523,-0.14610651072544265,kmeans,3,2
605,2.1995022531505,-7.12027020063899,kmeans,3,0
606,2.153186170232712,-1.8008785014689397,kmeans,3,1
607,-0.3701456118842548,-2.309533636185657,kmeans,3,2
608,-2.161120460632013,-0.025958143309132854,kmeans,3,2
609,-0.18830064944025762,-0.26666636737182964,kmeans,3,2
610,1.1519760722662173,-1.013696666558047,kmeans,3,1
611,7.092081371272135,0.5267068420606665,kmeans,3,1
612,-0.3294995404854574,0.44334985588793674,kmeans,3,2
613,-0.4675532783267811,0.8342742952402135,kmeans,3,2
614,-2.624205831271463,-0.14425773622029014,kmeans,3,2
615,-1.6750884510015993,1.2690177054060034,kmeans,3,0
616,0.6529384431566613,1.3344175961068157,kmeans,3,1
617,-1.2613321353668154,1.5034001474769925,kmeans,3,2
618,1.1436444471336193,-1.3386628195663772,kmeans,3,1
619,-0.3683342460766251,-0.7769755985790581,kmeans,3,0
620,0.36140381473720884,2.401200051065968,kmeans,3,2
621,0.7067546555193005,0.4154754135738476,kmeans,3,1
622,3.904427666534154,-0.8642789923566161,kmeans,3,1
623,-0.3345277812934736,2.2786195042901385,kmeans,3,2
624,2.3009779903666776,0.3007570471139656,kmeans,3,1
625,2.8046705739842,-0.7582180540328852,kmeans,3,1
626,-0.356597902387696,1.0278252862000667,kmeans,3,2
627,-0.9965983661114488,-0.250492749739078,kmeans,3,2
628,-1.4753527468588081,-0.07235292732120661,kmeans,3,2
629,-2.438959472056931,-0.9288562031035842,kmeans,3,2
630,-1.3657629515352738,0.26650984342880385,kmeans,3,2
631,-0.11277666592676255,-0.06000152894386276,kmeans,3,2
632,4.542660851217217,1.4689218145805518,kmeans,3,1
633,4.006652950865074,1.2614621933230388,kmeans,3,1
634,-1.335087700804172,2.0563482514342444,kmeans,3,2
635,2.3912275436524553,1.2920461669224979,kmeans,3,1
636,-1.655556309223587,-7.0559238208082045,kmeans,3,0
637,1.3435589741291245,2.599732174439245,kmeans,3,1
638,1.3505549214848076,-0.41506280948074775,kmeans,3,1
639,-1.308849268819974,-3.299162747396387,kmeans,3,0
640,0.4986705200173938,0.8914445296460642,kmeans,3,0
641,1.626524265046684,0.07207237474689965,kmeans,3,1
642,-1.9133166257037273,0.5271182548646353,kmeans,3,2
643,-1.6306351339487681,-3.5152339846991483,kmeans,3,0
644,-1.5406432000829717,-0.7690129404857206,kmeans,3,2
645,0.15804864717548317,-0.5543524749475204,kmeans,3,0
646,2.7526576520365476,-0.8759125127287126,kmeans,3,0
647,-2.2973256326377904,-0.7921768520691499,kmeans,3,2
648,-1.235159397046035,-1.8848505941759321,kmeans,3,2
649,-1.8534469929987205,1.8519059723103424,kmeans,3,2
650,3.1988586271028887,-3.047381243780002,kmeans,3,1
651,0.8210937685634668,-1.6819201259366905,kmeans,3,0
652,5.413326033952007,-0.5661240828108202,kmeans,3,1
653,-0.05989756771233275,-0.22505420357091935,kmeans,3,2
654,-1.9394964584496845,0.9829529059565236,kmeans,3,2
655,-0.26779356184260367,-1.7301306585164105,kmeans,3,2
656,-0.6501436118809673,1.5090448011698574,kmeans,3,2
657,-0.05188847785371368,1.2062373861509994,kmeans,3,2
658,0.6630645713704194,-0.8235637735006743,kmeans,3,2
659,-1.8809146098892715,-0.1543153866778285,kmeans,3,2
660,2.464726043067109,-0.9873294782384998,kmeans,3,1
661,-0.5899474967157844,0.31543146742908124,kmeans,3,2
662,-1.023666734328677,1.3116502337004632,kmeans,3,2
663,0.8343605842834315,-1.8235619338599367,kmeans,3,1
664,1.5061525985315096,1.384923113670908,kmeans,3,1
665,-2.573745169092581,0.24002611391089662,kmeans,3,2
666,-0.13934021728896587,-0.603125544997054,kmeans,3,2
667,-0.6165529979028992,-1.0594155049402598,kmeans,3,2
668,0.33276863398347384,-1.617758244123207,kmeans,3,2
669,-2.2700002879873513,-0.24583595696665703,kmeans,3,2
670,2.152213773420724,-0.5920396082773952,kmeans,3,1
671,2.614901336002812,1.0776017091289203,kmeans,3,1
672,-2.597681130430351,2.15212336969632,kmeans,3,2
673,5.622216160472744,1.527366892902767,kmeans,3,1
674,-3.364962928562777,-1.0376894074649676,kmeans,3,2
675,-0.5915339377921418,-1.2407968568430288,kmeans,3,2
676,-0.07610353102428877,-2.4643238493294524,kmeans,3,0
677,-0.18768624622926752,-0.17246447477898627,kmeans,3,0
678,0.49473194485195726,0.02466115831294889,kmeans,3,2
679,-2.280615314656693,0.2716931635085745,kmeans,3,2
680,1.704983788484156,0.05583366270391669,kmeans,3,1
681,4.246738478639536,1.9074138757002181,kmeans,3,1
682,-2.3278738553881104,0.6012701639542927,kmeans,3,2
683,0.12820847151360953,-0.5745164823752298,kmeans,3,2
684,-0.8562997963845126,1.3369626286986864,kmeans,3,2
685,-4.263865628911164,-1.1755683844490183,kmeans,3,2
686,-1.1460508492250292,-1.59770507545125,kmeans,3,0
687,-0.0266335436654212,-0.1709754384445452,kmeans,3,2
688,-2.164922582157629,1.1386008091635438,kmeans,3,2
689,-1.9152989715414106,0.40578045400278095,kmeans,3,2
690,-0.1422127973227869,2.6975316222171823,kmeans,3,2
691,0.5881024185732479,-1.6050336596438708,kmeans,3,1
692,-0.8099656939050695,0.5208979232915527,kmeans,3,2
693,-2.041301575333775,1.1735613658553607,kmeans,3,2
694,3.591697925509213,0.7489050351063765,kmeans,3,1
695,-0.518860807372064,-0.3941947336423636,kmeans,3,2
696,2.0433151306645265,1.0462758150874092,kmeans,3,1
697,-0.7779010925321854,0.07603537434338405,kmeans,3,2
698,-0.5044357925389374,0.4682704852328692,kmeans,3,2
699,-2.891685339113597,0.24471413073918866,kmeans,3,2
700,-0.9925471736312692,-2.621400262251232,kmeans,3,2
701,1.168705232191897,0.02011419490462583,kmeans,3,1
702,-2.7759583069005735,0.6497295525706938,kmeans,3,2
703,-1.908371966391431,-0.6154028855375533,kmeans,3,2
704,-1.4174779753761855,2.749442955152442,kmeans,3,2
705,-0.5719142387453084,-1.6015882794023866,kmeans,3,2
706,-1.7830262346717982,-0.34586093670745777,kmeans,3,2
707,-2.264315682764861,0.7817819322263028,kmeans,3,2
708,0.4271772329376339,-1.7221241829737164,kmeans,3,0
709,0.8909492160841176,-1.7667521883699928,kmeans,3,0
710,1.6935989615664626,2.21191181482374,kmeans,3,1
711,3.655931434535551,-0.7892282893459138,kmeans,3,1
712,0.17459882301313306,-1.257477255117468,kmeans,3,2
713,-1.523501814057374,0.17987969776719728,kmeans,3,2
714,-1.0932928250339355,0.15707755429834555,kmeans,3,2
715,-2.5594554422354383,-1.504187904493325,kmeans,3,2
716,-2.490190254613597,-0.06426207387950877,kmeans,3,2
717,2.380159660655039,-1.5180989568513688,kmeans,3,0
718,-2.4064551672330587,0.7324818729573784,kmeans,3,2
719,0.17419616213438507,0.8815483434422688,kmeans,3,2
720,0.4400144482100014,0.45711963953059903,kmeans,3,2
721,0.537956404480221,0.32908807231599463,kmeans,3,2
722,3.3846072952650825,-0.6539733071766854,kmeans,3,1
723,-1.262434523101639,-0.46591447310992906,kmeans,3,2
724,-1.2117485056822692,1.5560029792446002,kmeans,3,2
725,3.2171371548287886,0.06572160919468088,kmeans,3,1
726,4.3613041676595525,0.9476144435916147,kmeans,3,1
727,-3.1532841909292024,-2.496206889440555,kmeans,3,2
728,-1.423998944232269,-1.6166748569580014,kmeans,3,0
729,0.47103293875470775,-4.090236497032967,kmeans,3,0
730,2.679292578494586,-0.08964688391409643,kmeans,3,1
731,-2.2995890057150605,-1.186278702115316,kmeans,3,2
732,-1.7015340601777778,0.028494180064605173,kmeans,3,2
733,-1.510068777343145,-5.321333898074599,kmeans,3,0
734,-1.5301210673680807,1.1041109471243733,kmeans,3,2
735,-0.286794280670604,-0.07396068332100608,kmeans,3,2
736,-0.8870482124898585,-0.6652227021571469,kmeans,3,2
737,-0.7401099519044291,1.977788344810505,kmeans,3,2
738,-1.2711227811348353,-1.532917857769746,kmeans,3,2
739,-0.27019959058693754,1.9513073838332122,kmeans,3,2
740,1.1758352929373712,-1.467678112772742,kmeans,3,1
741,1.5296428294757425,1.9567213155578431,kmeans,3,1
742,2.1193496647821632,-1.4542369479392716,kmeans,3,0
743,3.0371591892811685,-5.431297876128874,kmeans,3,0
744,-1.2653598016441332,-2.157650448670623,kmeans,3,0
745,-0.7952158721529577,-1.7673831508407378,kmeans,3,2
746,2.9345671633312596,3.299572802336363,kmeans,3,1
747,0.5116467615719297,2.267970358523527,kmeans,3,1
748,-0.4857468728737112,3.0617063270352762,kmeans,3,2
749,1.1741664946963184,-0.6054133535302811,kmeans,3,1
750,1.9381835950957929,0.9284039711280478,kmeans,3,1
751,0.39406718300612786,-0.9791819810043635,kmeans,3,2
752,-1.4186401084542781,0.5391279565450505,kmeans,3,2
753,4.092491405259045,0.40159430136407265,kmeans,3,1
754,2.5872816058477537,0.002753489236376271,kmeans,3,0
755,0.4106945314475267,-0.4174193626828834,kmeans,3,0
756,-0.33683869144211126,-1.3618531011898032,kmeans,3,0
757,-1.6995723808343703,-0.469150829676978,kmeans,3,0
758,2.966655704445568,-0.8685881865834076,kmeans,3,1
759,-1.1624682940781739,0.7634569710468128,kmeans,3,2
760,4.231973970712761,1.5057982738418163,kmeans,3,1
761,-0.12539939189175145,0.6839621151110917,kmeans,3,0
762,0.48606259267025875,-2.015390866125532,kmeans,3,2
763,0.027992845594646723,-2.297567502402091,kmeans,3,2
764,3.6951223014668266,2.3015984985820572,kmeans,3,1
765,-1.0035220851674935,-1.3256135606657118,kmeans,3,2
766,-1.3295032721027311,-0.4125091176518824,kmeans,3,2
767,-0.7871489214926326,-1.7203768354794033,kmeans,3,2
768,0.37551671264317854,-2.2215007292340636,kmeans,3,2
769,0.8929832474730677,-0.3158299966232329,kmeans,3,1
770,0.2960488165455278,-1.5839261290848818,kmeans,3,0
771,2.7393867741911477,0.513599112398537,kmeans,3,1
772,-0.42498894097555323,-1.8219523168676819,kmeans,3,0
773,3.0445303668300743,2.588055890675698,kmeans,3,1
774,2.731850041920046,0.7383669070845296,kmeans,3,1
775,-0.824257514883231,-0.8247819189911803,kmeans,3,2
776,-4.987886575163136,1.9660405554495852,kmeans,3,2
777,0.5465494738083907,0.520031748299295,kmeans,3,2
778,-1.8105340611917904,-0.24892961671091482,kmeans,3,2
779,-1.9936035664076983,0.3230763120323193,kmeans,3,2
780,3.1304342412228165,1.319102972123332,kmeans,3,1
781,0.5012314233062023,-0.7277861969945862,kmeans,3,2
782,0.4765929005661191,0.26907904842983776,kmeans,3,2
783,1.3212559198488876,-0.016630506113641624,kmeans,3,1
784,-1.9783964435414483,0.5375493021236021,kmeans,3,2
785,-1.5255680610343538,-1.8477279144761973,kmeans,3,0
786,-0.013731856835715824,0.3263935417705197,kmeans,3,2
787,-0.3354264562990047,1.2031325849763381,kmeans,3,2
788,2.1817734187218147,-0.20349916043249208,kmeans,3,1
789,0.8501754146069217,-0.659012110087432,kmeans,3,1
790,0.5051676655835409,2.592880602800149,kmeans,3,2
791,-1.6713411567650467,1.4038285502921215,kmeans,3,2
792,1.6014449930191543,2.263884135826042,kmeans,3,1
793,1.7566591051959572,-1.061163663653252,kmeans,3,1
794,1.2595108081744275,-1.0213872009852176,kmeans,3,1
795,-0.33081036198374814,-1.2242405776537333,kmeans,3,2
796,1.2427056851923863,1.6798526349060479,kmeans,3,1
797,-1.5977131530087123,0.4893207332293795,kmeans,3,2
798,1.0756569132782028,-0.8015536740907055,kmeans,3,1
799,-1.8802772515251245,-3.023615547630577,kmeans,3,2
800,-0.597385744552738,0.8064314035900326,kmeans,3,2
801,-0.38413723492263807,-1.0288453655428857,kmeans,3,2
802,-2.6794032415478193,-2.263726080366438,kmeans,3,2
803,0.8445525645048678,2.176456403611823,kmeans,3,1
804,3.20199890052701,-1.288338468643268,kmeans,3,1
805,-1.059601031556048,-1.9184493871893193,kmeans,3,2
806,-0.7980856808924602,-3.0720753253971247,kmeans,3,0
807,-0.9138190220213536,0.9078615574993343,kmeans,3,2
808,0.05292545221928067,1.2674996960206366,kmeans,3,2
809,-0.7398614702200603,1.1290616398359277,kmeans,3,2
810,-4.8056610651191605,3.155182189304772,kmeans,3,2
811,1.622760977766966,-0.6043209252243572,kmeans,3,1
812,0.4966593132253488,1.0430675753013594,kmeans,3,2
813,-1.1793953757895244,-2.3343652544408795,kmeans,3,2
814,3.169123004627657,0.7967635502274972,kmeans,3,1
815,-1.867089601966417,2.1629997346758687,kmeans,3,2
816,-1.7673275889605264,-6.671021959933309,kmeans,3,0
817,3.791787062869105,-1.1315233606304675,kmeans,3,1
818,-0.33954820978504735,0.4382808334796665,kmeans,3,2
819,-0.9321951207741336,0.7463135644545994,kmeans,3,2
820,2.9564446574986536,-1.6481820054828464,kmeans,3,1
821,-2.899781900790784,1.206888931471407,kmeans,3,2
822,-0.16533324588393697,-1.1008171526406956,kmeans,3,0
823,-0.4382764417034455,3.955664119636547,kmeans,3,2
824,-0.6321331273086074,1.0743409977725635,kmeans,3,2
825,1.7113605609851095,-7.022285281708737,kmeans,3,0
826,-0.8890930928637737,1.5217936970762542,kmeans,3,2
827,-0.28147429298382587,0.16633261089257356,kmeans,3,2
828,-0.4511499205766224,0.875950712175025,kmeans,3,2
829,-2.2949964886768344,1.1339246340109927,kmeans,3,2
830,2.388074901484111,0.2612889184911824,kmeans,3,1
831,-0.92850604154808,0.08599089024596922,kmeans,3,2
832,-2.1463822142182956,0.0361076231157514,kmeans,3,2
833,1.5743558446430188,-0.34187021232635534,kmeans,3,1
834,0.781150289058179,0.3050632118644357,kmeans,3,1
835,2.6181385347428883,0.40999868341036744,kmeans,3,1
836,-2.9418906194136354,0.9020218049628289,kmeans,3,2
837,-0.07197309569319325,0.43815991244715274,kmeans,3,2
838,-3.19228084260838,0.5345821407185962,kmeans,3,2
839,2.8953631738061008,0.6969412311582356,kmeans,3,1
840,-0.38209494199038546,0.11762008676950508,kmeans,3,2
841,-0.3733115230048501,-3.9220103145955867,kmeans,3,0
842,-0.4978167333856823,-2.171659403083162,kmeans,3,2
843,0.44781969338536265,0.5015770283057008,kmeans,3,2
844,0.23331569575128444,-3.254326543575716,kmeans,3,0
845,1.5850979516433252,1.5021366459476466,kmeans,3,1
846,-1.4792753321397463,-1.3985967624349194,kmeans,3,2
847,4.867425426522349,1.671102726697651,kmeans,3,1
848,0.5976468035057005,3.1243706876287853,kmeans,3,1
849,-0.14924764845820027,-0.2730976635421504,kmeans,3,0
850,-0.9290987455914625,1.3961329567822738,kmeans,3,2
851,0.20570282752797467,0.5522682498976199,kmeans,3,2
852,-0.6452208482349564,0.1707456501017485,kmeans,3,2
853,-3.542755631312371,-1.3290892411748843,kmeans,3,2
854,-0.31318881397841275,-1.461336581374885,kmeans,3,0
855,-2.6449202427283756,-0.8293088190822565,kmeans,3,2
856,-3.2003318785263546,0.22896202921619488,kmeans,3,2
857,-1.4933781331754798,-0.5377667739738432,kmeans,3,2
858,-1.897450079304443,0.9777220660925713,kmeans,3,2
859,4.277244787223612,-2.780174565667798,kmeans,3,1
860,-2.4689522572483438,1.5864424159460897,kmeans,3,2
861,1.498707277036857,1.9463698592935454,kmeans,3,1
862,-0.810328345937796,-0.7999881839136826,kmeans,3,2
863,0.15832408178976584,0.9403581036903581,kmeans,3,2
864,-1.6631998251663291,0.5042460170475455,kmeans,3,2
865,1.3687447352548532,1.5819698582304278,kmeans,3,1
866,-3.0965898340803686,0.33407898832465743,kmeans,3,2
867,3.1971181985441133,0.0794277518593193,kmeans,3,1
868,-1.5885107893335884,0.007292220401288918,kmeans,3,2
869,-3.8635825422592576,0.9220396041647244,kmeans,3,2
870,-0.8033266610881954,0.13831543255631237,kmeans,3,2
871,-1.9042908456456045,0.5606834338453441,kmeans,3,2
872,3.3053728461623413,1.3558079998646098,kmeans,3,1
873,-2.059630496059663,-0.9109905006811551,kmeans,3,2
874,2.3311708725764757,0.7088989949957496,kmeans,3,1
875,0.8155256255809233,-0.71445456299072,kmeans,3,1
876,2.51359629691846,0.6185323339163418,kmeans,3,1
877,-1.7634302432047715,1.9422421201596138,kmeans,3,2
878,6.009875521117504,0.20379474011282622,kmeans,3,1
879,0.48993183049546085,0.4753327501108331,kmeans,3,1
880,-1.3619219191421164,1.6535590521207997,kmeans,3,2
881,1.2847045502205432,-0.6182085543267032,kmeans,3,1
882,-1.2936528875055995,1.4164174091872264,kmeans,3,2
883,0.23890888999145218,0.6677056521820061,kmeans,3,2
884,4.0430352738623,-3.242533149835958,kmeans,3,1
885,-2.4217500089403545,0.7680370477693295,kmeans,3,2
886,-0.02593706692420308,-1.8828881388866963,kmeans,3,2
887,-0.640420487494568,-2.0670694016284927,kmeans,3,0
888,-2.9000036659051256,0.5821492859625812,kmeans,3,2
889,0.7768215235282601,-1.2334114271744083,kmeans,3,0
890,2.5518458662013623,1.4051823463419584,kmeans,3,1
891,-0.17053564275683517,0.5431189567149727,kmeans,3,2
892,-0.7282237477204409,0.007034958564010289,kmeans,3,2
893,-0.9221178323352177,0.2314114895926696,kmeans,3,2
894,0.008884584069401012,0.8217343052442159,kmeans,3,2
895,-1.4041092727971147,0.8699893557083074,kmeans,3,2
896,-0.7240792871869987,0.12746891115027623,kmeans,3,2
897,-2.57387091595672,-2.6664967245260525,kmeans,3,2
898,-3.1376515320001324,-1.3931015187242208,kmeans,3,2
899,1.2397221098577793,-0.04922364769194222,kmeans,3,1
900,0.6764638641987669,-3.212096406163304,kmeans,3,0
901,0.19441130861564945,-1.0409150828415599,kmeans,3,2
902,0.3054062206838581,-2.92271004884326,kmeans,3,0
903,-0.1532071987811169,-0.40694371816120234,kmeans,3,2
904,0.0011421282458070159,0.6272252689704055,kmeans,3,2
905,3.64110589187328,-7.001537364256941,kmeans,3,0
906,-0.13649707108961856,-2.6275655554478616,kmeans,3,2
907,0.9579885170258748,-1.3910492355586768,kmeans,3,1
908,-1.0017389437801654,1.9213130290179763,kmeans,3,2
909,1.4635535357189324,1.6269003845309014,kmeans,3,1
910,-0.9990861296021297,-0.564293149638304,kmeans,3,0
911,0.4644345142408797,0.47083301129122285,kmeans,3,2
912,0.5290012870047935,-1.3735088221094467,kmeans,3,0
913,-0.3870480099666474,1.136532271540196,kmeans,3,2
914,-0.7869644203130352,-1.2045641275436942,kmeans,3,2
915,-2.3597837938219515,0.42731740085369163,kmeans,3,2
916,1.1924229598786005,-1.8471199452750782,kmeans,3,0
917,-2.3066451482169867,-1.1532910516693744,kmeans,3,2
918,1.315298225433302,-0.036859279428878004,kmeans,3,1
919,-1.5985059088447906,-1.1463989310467417,kmeans,3,2
920,-0.7850105174182934,0.13881618894327352,kmeans,3,2
921,-0.9691004755745377,-0.060658218390576155,kmeans,3,0
922,-1.8198325095672547,-0.08068813247729578,kmeans,3,2
923,4.314069740338173,1.3140518961648695,kmeans,3,1
924,-3.2149446016468635,-0.5074171293261677,kmeans,3,2
925,2.987362233626761,-0.9356227777296181,kmeans,3,1
926,-3.5238777660540435,-0.06085760933025727,kmeans,3,2
927,1.2901949222587898,-0.3430654510151522,kmeans,3,1
928,5.166327103446302,0.4399126034973568,kmeans,3,1
929,-1.5709735981879434,-4.768645799982572,kmeans,3,0
930,-1.719874528107969,-0.6102445149089173,kmeans,3,2
931,-2.6899239249523488,2.687525949571902,kmeans,3,2
932,0.7734251966424253,-0.456718649539952,kmeans,3,1
933,-0.27203254595602483,-0.22284667705913241,kmeans,3,2
934,-3.300988770157022,-0.23731237366978258,kmeans,3,2
935,0.5110943693689525,2.149785744917461,kmeans,3,1
936,0.061502466363169174,-0.8175249852951881,kmeans,3,2
937,4.3909295656450915,-6.066497909110902,kmeans,3,0
938,-1.4293109679178058,1.3374442997751168,kmeans,3,2
939,2.6615025230271288,0.8382048228122941,kmeans,3,1
940,-2.410691859794588,-0.1277047770943071,kmeans,3,2
941,0.16955690347362987,0.6805419115336541,kmeans,3,2
942,-1.709610334012588,1.9886495256244066,kmeans,3,2
943,-3.0507978314062227,-2.445120389102827,kmeans,3,2
944,-2.559948777819908,1.7206216848850242,kmeans,3,2
945,2.0123847730177813,0.7895733124044848,kmeans,3,1
946,4.376375352354179,0.7776366644538181,kmeans,3,1
947,1.4945094454661105,-1.52906148586131,kmeans,3,0
948,-0.8854613016165827,-0.879847909007618,kmeans,3,2
949,-2.5514775014209476,1.2076679350034978,kmeans,3,2
950,2.8895987058234245,-0.6052780471058348,kmeans,3,1
951,-0.02583048791151045,1.0352441294851045,kmeans,3,2
952,1.1523953227706512,-1.4615755055063708,kmeans,3,1
953,1.4889955586286778,-1.2003022606585132,kmeans,3,0
954,-1.7731531682156771,-0.7359458696818786,kmeans,3,2
955,-1.8337891800159445,-3.8398189977341275,kmeans,3,0
956,-1.4510062556541197,-1.0550667424718319,kmeans,3,2
957,-1.0409314202173165,2.2736535180332504,kmeans,3,2
958,3.797419456395974,1.123468944193349,kmeans,3,1
959,4.126394939064465,0.7474744223074051,kmeans,3,1
960,1.8640695957490983,0.7076526833258818,kmeans,3,1
961,-1.85006090193756,-1.2712236424154237,kmeans,3,2
962,-0.1886397736554688,0.47165823167978593,kmeans,3,2
963,0.07681623874252688,1.9168147778253242,kmeans,3,2
964,-0.15526037393849354,0.37232975591925616,kmeans,3,2
965,-2.879943504166245,0.8419684551451899,kmeans,3,2
966,-1.1325550216574325,0.712625552094352,kmeans,3,2
967,-1.5255956179945853,1.3398105723656735,kmeans,3,2
968,0.8236611665292,-2.991773011114247,kmeans,3,0
969,-0.019863530820548734,0.6265739610106821,kmeans,3,2
970,-2.1645915238765987,-2.2431686342342547,kmeans,3,2
971,-0.18087784528921952,-1.9193992841092926,kmeans,3,0
972,1.950454687307851,-1.3854294022306533,kmeans,3,1
973,-0.9600542317763082,1.4034435240494028,kmeans,3,0
974,0.1073429627312961,0.9635676034474363,kmeans,3,2
975,-0.7008647494000652,-2.67565701887437,kmeans,3,0
976,0.8014336772190593,-0.4220013776440833,kmeans,3,1
977,-1.5201500009347955,1.8130198464860257,kmeans,3,2
978,-0.03837615297676249,-0.0796321259237837,kmeans,3,2
979,3.563856284328527,0.1799264970523295,kmeans,3,1
980,-0.7469172863081462,2.0005386835118295,kmeans,3,2
981,-0.7946142552505878,2.157627028883217,kmeans,3,2
982,-4.2248234653430865,-1.7744321649759045,kmeans,3,2
983,0.3736845143254034,-1.6289001515916834,kmeans,3,2
984,-3.3122390957591925,1.3351819320019753,kmeans,3,2
985,-3.7230017639677664,-0.3435343012613773,kmeans,3,2
986,-0.8838184140990937,1.7778835313721228,kmeans,3,2
987,-0.9491872410693737,-0.04928389760973356,kmeans,3,2
988,2.973276325203391,2.4881591439688706,kmeans,3,1
989,2.329917144239889,-1.284569699776441,kmeans,3,1
990,3.704000796884457,2.4217357740430687,kmeans,3,1
991,-1.0667544695185847,-6.825825707256975,kmeans,3,0
992,-1.0479664835302784,-2.5278931228221597,kmeans,3,0
993,0.602386854803565,0.8928281562783877,kmeans,3,2
994,-1.3032846332973853,-1.0682919601420917,kmeans,3,2
995,0.5331079559702446,0.8649993178318206,kmeans,3,2
996,-0.7130263316380145,-0.05380380059493739,kmeans,3,2
997,0.3966999467912004,-0.8680412660721931,kmeans,3,0
998,-1.807031546325913,0.3755744534884593,kmeans,3,2
999,0.546899247963505,-0.577068777568974,kmeans,3,2
1000,1.5251909058138833,1.2758808371993815,kmeans,3,1
1001,0.6218187313087212,0.5016719008387575,kmeans,3,1
1002,-1.3796770121921202,-0.0408437404643599,kmeans,3,2
1003,-2.21112699283454,-4.34677863876264,kmeans,3,0
1004,0.11387218822259164,0.9403503054363921,kmeans,3,2
1005,0.9295192683601892,-0.012008911767064057,kmeans,3,1
1006,-0.34560846801793216,-0.3740133391498893,kmeans,3,2
1007,-0.18644236004151857,1.3093886514826756,kmeans,3,2
1008,0.9457939058930744,-0.5357884056104447,kmeans,3,1
1009,-0.1722717822460354,-0.5399869190197226,kmeans,3,0
1010,0.984780508180574,-2.0379645381393745,kmeans,3,1
1011,1.686556652620168,0.9602924421982026,kmeans,3,1
1012,0.5874717630737776,0.15745345413596673,kmeans,3,2
1013,-1.0874126383376579,0.4510448205846027,kmeans,3,2
1014,-1.5401751206124248,-0.12230172174813579,kmeans,3,2
1015,2.980966022126406,-2.133553492714842,kmeans,3,1
1016,-0.29652006197363723,-0.6370808303890176,kmeans,3,2
1017,0.9061939316908412,-4.422873485203433,kmeans,3,0
1018,-2.115367657812321,-0.7451677253659507,kmeans,3,2
1019,1.902894619117786,2.0122446092544113,kmeans,3,1
1020,-0.27676298674987604,0.43806282004021113,kmeans,3,2
1021,-1.485901790795276,-1.6904079059860178,kmeans,3,0
1022,-1.12880836753716,-1.153330304213125,kmeans,3,2
1023,-0.16360259097328203,0.6737727727261472,kmeans,3,2
1024,0.8894587487231562,0.3577281320043374,kmeans,3,1
1025,2.3120235736579113,-0.8282925491570782,kmeans,3,1
1026,-0.008926048230368739,1.7478272261949357,kmeans,3,2
1027,1.4802077405322238,0.7991091370076515,kmeans,3,1
1028,1.0608159702610982,-0.5689068667524082,kmeans,3,1
1029,3.074726313022263,-0.4721997813763346,kmeans,3,1
1030,0.6170192143454079,0.8163680310251044,kmeans,3,1
1031,1.0355371719215196,-0.9368682514847542,kmeans,3,1
1032,-1.8617501369000427,-2.4498487536156524,kmeans,3,2
1033,-0.13268916344012924,0.9137254001046219,kmeans,3,2
1034,2.1645183600027083,-0.34671152458371934,kmeans,3,1
1035,-2.3189237103833746,-0.12867426522230635,kmeans,3,2
1036,-1.453698955956526,-2.0892270435586333,kmeans,3,0
1037,-0.9344583724577407,-4.538347098355376,kmeans,3,0
1038,4.2106352057918865,1.428565192250304,kmeans,3,1
1039,0.6958348611191844,1.6480711126186112,kmeans,3,1
1040,-0.7665910003097494,-1.2884987778552348,kmeans,3,2
1041,0.5724555603604162,-1.7848845455933726,kmeans,3,1
1042,2.827332527733047,0.4229276816733311,kmeans,3,1
1043,-2.4817617785191954,0.4072831651603605,kmeans,3,0
1044,1.452825577560731,1.3521012191331623,kmeans,3,1
1045,0.6604776789275482,-0.6873492325328109,kmeans,3,2
1046,-1.683024749061491,0.9324013021977319,kmeans,3,2
1047,-0.4203496745719525,-2.1374096235988245,kmeans,3,2
1048,5.315965221822967,-2.4297155068474026,kmeans,3,1
1049,-0.8492827484335689,-0.7241406340510965,kmeans,3,2
1050,-2.665506566182474,1.2818651360754323,kmeans,3,2
1051,1.0895276215372955,0.852326215726546,kmeans,3,1
1052,-0.17971277137033803,-0.44956874970616173,kmeans,3,2
1053,0.3272225349022292,2.0020765390385216,kmeans,3,2
1054,0.1659526787459997,0.29788645541648456,kmeans,3,2
1055,-1.9847832750010475,0.10534895944675551,kmeans,3,2
1056,2.2455744401203543,-1.3431104815208454,kmeans,3,1
1057,3.5703787325204828,0.44341273503665296,kmeans,3,1
1058,-0.5978038472751016,1.0003569671502268,kmeans,3,2
1059,-2.41305697691257,0.4724606808822338,kmeans,3,2
1060,5.106657421312123,-0.7193066878344397,kmeans,3,1
1061,1.8822804478159256,-0.8370868712127728,kmeans,3,1
1062,-0.460314688140176,-5.2501299219248985,kmeans,3,0
1063,-2.5118720788551534,-0.22118365086066766,kmeans,3,2
1064,-0.9348026450663802,-1.6139334036004693,kmeans,3,0
1065,2.1688263509303405,2.7961843747507156,kmeans,3,1
1066,4.346293895725999,1.791683353408683,kmeans,3,1
1067,0.3639767255759049,1.3775215987425993,kmeans,3,2
1068,-1.6036937029095344,-2.389051318197938,kmeans,3,2
1069,3.1573479027926887,-0.653090388454932,kmeans,3,0
1070,-0.47812778691251784,0.6824203707685236,kmeans,3,2
1071,-0.7340195836963436,-0.24629260184962845,kmeans,3,2
1072,0.34686201543472556,0.8214434351682167,kmeans,3,0
1073,0.00906601240300396,0.4823590866975027,kmeans,3,2
1074,-2.7661252582632936,-3.7445468223161553,kmeans,3,0
1075,-0.4132379450588794,-2.0441504960382333,kmeans,3,2
1076,-1.0207184951377295,-0.08382014808741414,kmeans,3,2
1077,-0.23399584104678922,0.6571071393747511,kmeans,3,2
1078,0.5775472031955736,1.081238335510287,kmeans,3,2
1079,0.16709060436576614,-0.369379469952507,kmeans,3,0
1080,-1.5102330385982923,-0.18216760733756646,kmeans,3,2
1081,-2.175964237780434,2.3378032178775334,kmeans,3,2
1082,0.04590385139259566,-0.5565803823865196,kmeans,3,2
1083,-0.8385749128695089,0.67972371399052,kmeans,3,2
1084,-0.6369254968760844,0.3981784588716034,kmeans,3,2
1085,1.5160015150674868,1.9630031375150692,kmeans,3,1
1086,-2.8464429556459248,-2.1785579467389966,kmeans,3,0
1087,0.23074081737385999,2.7929234862274015,kmeans,3,2
1088,-0.11608935389489704,1.905831831610983,kmeans,3,2
1089,1.6627178216123857,0.08816727574535933,kmeans,3,1
1090,-2.4820688973619003,1.7606783584278465,kmeans,3,2
1091,3.236696826703188,0.7975759332483202,kmeans,3,1
1092,-2.595775639470007,-1.9058197615361872,kmeans,3,2
1093,-2.3154517723195776,0.02652561505237926,kmeans,3,2
1094,-1.5766998133514802,0.5825213765630148,kmeans,3,2
1095,-1.4781367478685186,-1.7519700160942884,kmeans,3,0
1096,-0.5433168435239464,1.2970335380151394,kmeans,3,2
1097,-2.667248741763451,2.135730865249624,kmeans,3,2
1098,5.132317718343981,-0.7199289794486929,kmeans,3,1
1099,-1.3464434564310985,0.38635844610880293,kmeans,3,2
1100,-0.24610639024312844,-1.036697106595253,kmeans,3,0
1101,-2.0697687583631406,0.8002324443945363,kmeans,3,2
1102,-0.18897250171336413,-0.46838739458878254,kmeans,3,2
1103,2.457005493098459,-0.9825440278981357,kmeans,3,1
1104,3.263503554707877,-1.2626998244676912,kmeans,3,1
1105,-1.0841320181784415,1.9170327399354485,kmeans,3,2
1106,-1.1813974996547334,0.7401663854734796,kmeans,3,2
1107,-0.6778230102366642,1.535444857700036,kmeans,3,2
1108,-0.8151092774940378,1.2565205523976724,kmeans,3,2
1109,-1.233170340747889,0.11384631940946717,kmeans,3,2
1110,2.814576994896823,0.6875953356440988,kmeans,3,1
1111,-1.0422966758775987,0.7475476674400869,kmeans,3,2
1112,0.7997156559870515,2.484233730033604,kmeans,3,1
1113,3.053083473693407,0.654515914377754,kmeans,3,1
1114,-1.7964534600266018,0.23902997824869127,kmeans,3,2
1115,0.37073236471577004,0.5915475301445149,kmeans,3,2
1116,0.9556830612180423,0.5313788590347229,kmeans,3,1
1117,-2.9615666591718943,0.8744758844212392,kmeans,3,2
1118,-0.12611606432852449,-0.676404406943525,kmeans,3,0
1119,-0.1909951470508368,-0.641434409853387,kmeans,3,2
1120,-0.359980734556768,-0.3690480439120003,kmeans,3,2
1121,-0.5117437241889635,2.723783442565587,kmeans,3,2
1122,-1.58331262413629,2.238040955093008,kmeans,3,2
1123,-1.3513227238266026,2.1816155865850684,kmeans,3,2
1124,-0.0828931648562047,1.4320660889651726,kmeans,3,2
1125,-1.9868674875711612,-1.2469274028333146,kmeans,3,0
1126,-0.09695395901444787,1.3470765736444517,kmeans,3,2
1127,-0.16333215699211748,2.0396736408021146,kmeans,3,0
1128,1.4336837648743361,1.5694371884306448,kmeans,3,1
1129,0.5415159469823139,0.6123901330044257,kmeans,3,2
1130,-0.8123962929842332,1.4901838468905302,kmeans,3,2
1131,3.244963012440837,-1.9250939187803404,kmeans,3,0
1132,0.032461653502810904,-0.12016058946560453,kmeans,3,2
1133,-2.326361521249098,-0.034694957229407825,kmeans,3,2
1134,0.7461836223121249,-2.270437782032559,kmeans,3,0
1135,-0.8150445098617505,0.3979837593658825,kmeans,3,2
1136,-0.5483724220128152,0.04895030867853385,kmeans,3,2
1137,-2.24216930449618,1.3536904659156601,kmeans,3,2
1138,0.1039039240137973,-0.22935657634951112,kmeans,3,2
1139,-0.8941736090810531,-0.6996383548890934,kmeans,3,2
1140,4.060045067136755,-1.7133406247172398,kmeans,3,1
1141,2.469920755352701,-0.8421027595926143,kmeans,3,1
1142,0.04579212448093152,1.0929209023907793,kmeans,3,2
1143,-2.1000050638581285,1.6764477054732003,kmeans,3,2
1144,1.3908442343815055,1.479737075152826,kmeans,3,0
1145,-0.671873508694363,0.6053199795523835,kmeans,3,2
1146,-0.20164183913839306,0.6390281565213397,kmeans,3,2
1147,-4.023303101520938,-1.081771061744436,kmeans,3,2
1148,1.3727705872057112,1.4023414515935,kmeans,3,1
1149,-0.9614165800870096,-0.015752731877766168,kmeans,3,2
1150,1.0111614395490869,0.20945434731854148,kmeans,3,1
1151,0.4258762814042252,0.6184638108820345,kmeans,3,2
1152,1.9322260089718362,-1.2497182504548436,kmeans,3,0
1153,-0.6409687908716288,-2.466875547719276,kmeans,3,2
1154,-1.6529755513881768,-5.038729493100979,kmeans,3,0
1155,4.917362766775228,-0.03408932147175375,kmeans,3,1
1156,0.43640766033399353,0.23926116384977625,kmeans,3,0
1157,0.25204966273564744,-0.42118115081263796,kmeans,3,0
1158,-1.5148151217043695,0.20118349433044927,kmeans,3,2
1159,-1.0005554239933732,0.6107620445970601,kmeans,3,2
1160,-0.5941102065809358,-1.384672562775771,kmeans,3,2
1161,-0.47413348796102456,-0.42783267804382435,kmeans,3,2
1162,2.733806750409385,-0.007216811608094158,kmeans,3,1
1163,1.2203621221093928,2.576911738778176,kmeans,3,1
1164,1.9052499950822825,2.673835336796629,kmeans,3,1
1165,5.538103504703809,0.620734823115086,kmeans,3,1
1166,-0.10946298296112493,-1.3149981742390577,kmeans,3,0
1167,-1.786191193904624,0.7466371731772959,kmeans,3,2
1168,-2.618590354773568,-0.9467829654940109,kmeans,3,2
1169,0.8993908550743026,1.2632571616161954,kmeans,3,1
1170,3.431525597463153,-1.4017666937158562,kmeans,3,1
1171,0.5765783972431192,-1.5804341831157842,kmeans,3,0
1172,-2.591624437705319,2.0132964298024314,kmeans,3,2
1173,-1.8337250807754462,1.4678448463410112,kmeans,3,2
1174,-1.307551909759769,-2.9214767129882144,kmeans,3,2
1175,-1.6200406221878847,1.0244806384804603,kmeans,3,2
1176,1.0333505119294857,0.13356515722135362,kmeans,3,1
1177,1.436006223217738,-0.7727803143383561,kmeans,3,0
1178,1.2182324732688214,1.4701176139904122,kmeans,3,1
1179,5.179333103938395,-2.140580129211696,kmeans,3,1
1180,-0.4876721249459114,1.7207310005686107,kmeans,3,2
1181,-0.5275400828969415,2.393603110229345,kmeans,3,2
1182,1.8501714087986076,-0.09614451244291439,kmeans,3,1
1183,1.3819173212893265,-0.1307525366091123,kmeans,3,1
1184,-1.531934123877314,1.1938522126293725,kmeans,3,2
1185,-3.185193508148489,0.20449117248278578,kmeans,3,2
1186,1.8439110402255885,0.8740270426462282,kmeans,3,1
1187,2.0128011431840926,-0.9436865450566357,kmeans,3,1
1188,-1.2797455236657456,-1.5325951935200142,kmeans,3,2
1189,-0.8546220606301523,0.22362341044819917,kmeans,3,2
1190,0.9053435430643374,-1.4557881192716131,kmeans,3,1
1191,0.31720040447764813,-1.5371453573192961,kmeans,3,0
1192,-0.774476426923351,-0.6316463133258069,kmeans,3,2
1193,-1.9746949852682916,0.9823388615230373,kmeans,3,0
1194,-0.5686888766491046,2.046034015465634,kmeans,3,2
1195,2.6758607788314626,-0.42352388172563143,kmeans,3,1
1196,0.008859118536940951,-0.5099049369514859,kmeans,3,2
1197,1.2340740941212296,0.08026473682834136,kmeans,3,1
1198,4.145541339501838,-0.7500883894136682,kmeans,3,1
1199,2.5469785785893997,-0.9513962975240138,kmeans,3,1
1200,3.283525147747969,-0.6908745927441724,kmeans,3,1
1201,2.1379599439489576,-1.2283370181017543,kmeans,3,0
1202,4.6352546513244235,0.2849329810216771,kmeans,3,1
1203,-0.9097015573362129,-0.2906472355323721,kmeans,3,2
1204,-1.7081048087601103,2.0331251090337603,kmeans,3,2
1205,-0.8375312473693439,0.12409678599057497,kmeans,3,2
1206,-1.0335129612785727,0.5693081877365254,kmeans,3,2
1207,-0.5981079867931993,0.8253734139459556,kmeans,3,2
1208,-1.0586191402412397,-0.9011094456718154,kmeans,3,2
1209,2.4066982710879037,0.493428676369532,kmeans,3,1
1210,2.066775277929596,-1.25452354355245,kmeans,3,1
1211,-0.6001802624928229,0.08786379827304935,kmeans,3,2
1212,-1.3411247892129976,-0.07819408263031596,kmeans,3,2
1213,3.2494272118781993,-2.5739708420732557,kmeans,3,1
1214,-2.353630851570701,0.12719766080672745,kmeans,3,2
1215,2.983969653727484,-4.875963406158602,kmeans,3,0
1216,-1.6282480016610672,0.782640461231961,kmeans,3,2
1217,-1.4405000123435387,-6.205695898618182,kmeans,3,0
1218,0.8230895716090713,-0.2280509667082852,kmeans,3,1
1219,-2.8823483666246528,0.6200022554379494,kmeans,3,2
1220,1.8805324089319337,-0.5517737677434255,kmeans,3,1
1221,1.6460811779561693,-0.42520739508103805,kmeans,3,1
1222,4.056509653058587,1.3917650187880366,kmeans,3,1
1223,-1.0692630089102277,2.232486119573513,kmeans,3,2
1224,-0.44710821075346585,-0.44299362559037003,kmeans,3,2
1225,-1.8204858902334067,-1.32379537781116,kmeans,3,0
1226,0.7984687043572054,0.28986928080394053,kmeans,3,1
1227,-1.6071565168490127,0.2803128228168419,kmeans,3,2
1228,-1.70907044515141,1.7168924619426882,kmeans,3,2
1229,2.58229328710797,0.6114520997566347,kmeans,3,1
1230,0.8115879427217885,1.3412480782643914,kmeans,3,1
1231,-1.9333255452154632,-1.048116384586129,kmeans,3,2
1232,0.11181258971342953,-0.4007023680687761,kmeans,3,0
1233,1.3461126957133216,2.64450501970959,kmeans,3,1
1234,1.3055751806939113,0.7983493868462257,kmeans,3,1
1235,-0.42528736634206576,-1.8987190509829344,kmeans,3,2
1236,-0.06618118956206927,-0.2503513328021877,kmeans,3,2
1237,-2.1563830492167773,1.0094231871513037,kmeans,3,2
1238,2.638047947419307,0.152190558788733,kmeans,3,1
1239,-1.8639765505501893,2.7372376676638472,kmeans,3,2
1240,0.22853403348588353,0.6519330657554402,kmeans,3,2
1241,-0.10838957764898681,2.026158868332919,kmeans,3,2
1242,-0.20129454693430562,-2.432132073471271,kmeans,3,2
1243,-2.5208478081154277,-0.7349449199470615,kmeans,3,2
1244,2.19917771856834,-1.2360806429708548,kmeans,3,1
1245,-1.0651536034300535,0.8636976716510902,kmeans,3,2
1246,1.529770995066427,0.7893688143508627,kmeans,3,1
1247,-1.7527227421624239,-3.8612434508947207,kmeans,3,0
1248,-1.9115233247528227,1.2566672618974075,kmeans,3,2
1249,-1.2107546663491258,-0.2888564994561765,kmeans,3,2
1250,1.1559979818008157,0.06627990654112831,kmeans,3,1
1251,-1.0490638164928372,0.5647306296748416,kmeans,3,2
1252,0.0410144734108147,2.4395928493801797,kmeans,3,2
1253,-2.8069862066353446,1.3928251353543788,kmeans,3,2
1254,-0.037111918815652206,-1.8312247551795742,kmeans,3,2
1255,3.8986300944083676,1.296985301606511,kmeans,3,1
1256,0.5091757815351544,0.8603925750044593,kmeans,3,2
1257,4.198969158400382,-0.5342449727240515,kmeans,3,1
1258,2.578551150571763,1.761617469253858,kmeans,3,1
1259,-1.9917476792356033,1.4969379937789822,kmeans,3,2
1260,-1.7521487232447015,-0.7362768166945296,kmeans,3,2
1261,-0.060290236246615996,1.709682333664353,kmeans,3,2
1262,5.150295465590662,-0.01770091201776889,kmeans,3,1
1263,-2.466567593173288,0.8785941252141327,kmeans,3,2
1264,4.3869154229363785,2.0897276819267665,kmeans,3,1
1265,-0.15470154357502686,-2.083813731126066,kmeans,3,2
1266,0.5834272197769372,0.5163256758773277,kmeans,3,1
1267,-3.0621308339885016,1.486659834987885,kmeans,3,2
1268,-0.6009687915266883,2.4419861704476826,kmeans,3,2
1269,1.5909894787309409,-1.435724623703699,kmeans,3,0
1270,4.8564829722383624,-0.6997138735699923,kmeans,3,1
1271,1.939680649455064,-0.5232565337216452,kmeans,3,1
1272,0.05129335042683298,-0.8503844215411275,kmeans,3,2
1273,-1.4018433986204153,-1.2867129451478871,kmeans,3,2
1274,0.04394302934085738,-1.37427127875187,kmeans,3,2
1275,2.8922817873452593,-0.29106657959936316,kmeans,3,1
1276,-1.4074215803217371,-0.25795346415519005,kmeans,3,2
1277,-0.24456263736448683,-2.647046300315373,kmeans,3,0
1278,3.4377234063219735,-0.36512571467041405,kmeans,3,1
1279,1.464922294362339,0.516691821251588,kmeans,3,1
1280,-2.3890468152547997,1.1944467679796191,kmeans,3,2
1281,1.5248105220679449,1.4877374043435216,kmeans,3,1
1282,3.133260701022828,0.9889329564496914,kmeans,3,1
1283,-1.3134592917912578,0.12670320405610716,kmeans,3,2
1284,-1.5068779674288477,-0.9180978700602829,kmeans,3,2
1285,0.34184049382325876,0.26539987960344663,kmeans,3,2
1286,-2.5815959796348924,1.6741098247305226,kmeans,3,2
1287,3.9255987622243818,0.41345297925500357,kmeans,3,1
1288,-1.5238518775251992,-0.16074202491539974,kmeans,3,2
1289,-2.5786795538819596,1.2066479312346934,kmeans,3,2
1290,2.694165276468913,2.2176046464148182,kmeans,3,1
1291,-1.34127405032848,-0.9304387648869238,kmeans,3,0
1292,3.8273417604851905,1.149363860819855,kmeans,3,1
1293,2.9334534766776263,0.8754563205457149,kmeans,3,1
1294,-0.37995244855735055,-0.9075896913964913,kmeans,3,0
1295,-0.9712467187812723,1.0775311204483429,kmeans,3,2
1296,0.26269962110360334,0.9805797651540283,kmeans,3,2
1297,4.379943442240116,-0.3586969586165291,kmeans,3,1
1298,-0.7277038420980232,-0.3515074861205844,kmeans,3,0
1299,1.5988503438998847,-0.9224430695272136,kmeans,3,1
1300,2.354803841131153,-0.12033565230731863,kmeans,3,1
1301,0.0920415786141777,2.1512959686546944,kmeans,3,2
1302,-1.039335536562979,2.200394323111389,kmeans,3,2
1303,-1.8025451338853224,0.7420137370748585,kmeans,3,2
1304,-0.19819179518795565,2.383744244457841,kmeans,3,2
1305,4.773344504856615,-1.0941358600313569,kmeans,3,1
1306,-1.06279164476267,-1.035901690946964,kmeans,3,2
1307,-0.9825151821837144,-1.3154830864216935,kmeans,3,2
1308,0.14697786452624378,0.731006246550969,kmeans,3,2
1309,0.8353842477124362,-0.49351284502191595,kmeans,3,1
1310,2.4914930969929383,0.8802991481120566,kmeans,3,1
1311,-1.830206110742458,0.9847164412948275,kmeans,3,2
1312,-1.9942438165204917,-6.627957638581086,kmeans,3,0
1313,0.02451792753145384,1.4046249468311462,kmeans,3,2
1314,-1.3274643647392463,-1.8168216296615078,kmeans,3,2
1315,-2.1162197053986573,0.613537885071499,kmeans,3,2
1316,1.570191295775084,-1.5315096074514096,kmeans,3,1
1317,2.6566917023497725,0.913953262582475,kmeans,3,1
1318,-0.5415077553244481,0.7138943373147014,kmeans,3,2
1319,-0.2882670269932962,-1.0428832608777276,kmeans,3,0
1320,-3.40023039198147,-1.9208563352870247,kmeans,3,2
1321,2.096390355743669,-0.9581611963226975,kmeans,3,1
1322,-0.854253463990893,-0.9861790300439887,kmeans,3,2
1323,0.31448390930014714,1.5287404001551568,kmeans,3,2
1324,-0.9589297302933186,-4.360827422218448,kmeans,3,0
1325,1.1079163784987434,1.7293771152485562,kmeans,3,1
1326,3.7980008414111053,0.05511714405735666,kmeans,3,1
1327,-3.978728669022087,-0.3793943083874074,kmeans,3,2
1328,-1.2286396241472566,-0.34570898284817614,kmeans,3,2
1329,2.0217562027456406,-1.5688656614541137,kmeans,3,0
1330,-2.5975968417295547,-1.1335890155130404,kmeans,3,2
1331,-0.9687324570461788,-0.13633139832694643,kmeans,3,2
1332,-1.9095651886500569,1.6656541936613947,kmeans,3,2
1333,0.1435388512670169,0.46150102373924123,kmeans,3,0
1334,3.1737433115210645,0.31721647850851065,kmeans,3,1
1335,1.64518880544622,-1.209779102680046,kmeans,3,1
1336,-1.4270285307685884,0.4957100060875618,kmeans,3,2
1337,-0.2851452116982881,-0.34640201883406757,kmeans,3,2
1338,1.8515743340108684,-1.359205107034074,kmeans,3,1
1339,-0.5433773973200455,-1.525640565514813,kmeans,3,2
1340,-0.44558192968385235,-0.022116137469119834,kmeans,3,2
1341,0.2017896859558485,0.9122596342095003,kmeans,3,2
1342,-2.616193225168963,-0.4464901756676194,kmeans,3,2
1343,-2.1452103128973996,-0.7107610429382588,kmeans,3,2
1344,-2.404741606854567,-0.9858085460224911,kmeans,3,2
1345,0.25243578599678623,0.4407466418712394,kmeans,3,2
1346,1.402750130146786,2.252147348844363,kmeans,3,1
1347,-1.9155384407132037,0.9335077264494104,kmeans,3,2
1348,1.4733217121739486,0.36821211471819604,kmeans,3,1
1349,-1.0158164629004858,-0.015635428572467355,kmeans,3,0
1350,0.10473917569736318,-0.8826709320930606,kmeans,3,2
1351,-1.9745616864422868,0.3164844467694771,kmeans,3,2
1352,-1.468858936911422,1.7404682759667538,kmeans,3,2
1353,-0.35540154078818786,1.5019383066557128,kmeans,3,2
1354,2.0241237690187934,-2.8353367080944167,kmeans,3,0
1355,3.851591406973628,-0.2130196699982942,kmeans,3,1
1356,-0.34378283771508705,0.9985390932934609,kmeans,3,2
1357,3.9863190499609535,-1.8107009734029993,kmeans,3,1
1358,0.15644228175422276,0.38877281630321486,kmeans,3,2
1359,2.0442140246738107,0.1101269858234274,kmeans,3,1
1360,-2.9450896136369926,-0.005133624150629064,kmeans,3,2
1361,1.954072848222166,0.15906728177763746,kmeans,3,1
1362,-2.5147719320207647,1.9233903508708998,kmeans,3,2
1363,-0.7401477937422769,1.9301473715331214,kmeans,3,2
1364,-1.1803043740105936,-0.46871631595036534,kmeans,3,2
1365,-0.4900835856944162,2.928549156768407,kmeans,3,2
1366,-2.0195252608844108,-0.17203828114656047,kmeans,3,0
1367,0.3766640728041305,0.13159668874279157,kmeans,3,2
1368,3.7863121644118913,1.1831174753019673,kmeans,3,1
1369,-1.1653865072116383,3.227773672640102,kmeans,3,2
1370,2.8755889563649757,-2.028130230783985,kmeans,3,1
1371,2.0109331464562024,1.2715130882932333,kmeans,3,1
1372,-3.667133819953613,1.3475030765028255,kmeans,3,2
1373,-0.9859262948700404,1.2233804253705374,kmeans,3,2
1374,-1.7418920452376223,-0.1706176550281613,kmeans,3,2
1375,0.9740142659020986,0.7696996332013061,kmeans,3,1
1376,-3.900071775530211,-0.41394834107317974,kmeans,3,2
1377,0.6255271570527394,0.030038201535806712,kmeans,3,2
1378,-0.34587133034704587,0.28581846097186603,kmeans,3,2
1379,-2.7968394994150034,0.0175123509296873,kmeans,3,2
1380,-2.612057135742006,1.4092405940432402,kmeans,3,2
1381,0.0762145736275833,-0.791145669255425,kmeans,3,2
1382,3.890188727664366,0.4429872153202098,kmeans,3,1
1383,-1.3945616332975204,-0.06211142557801895,kmeans,3,2
1384,-2.6890536838147874,1.162100045618989,kmeans,3,2
1385,0.7780695311903828,-1.4244341888282719,kmeans,3,1
1386,-1.414707756524342,-0.11775370213892934,kmeans,3,2
1387,1.1727791499700135,0.6553364324892371,kmeans,3,1
1388,-2.776975400175736,-1.343688626179317,kmeans,3,0
1389,-1.5626551739206764,-0.49413356899158956,kmeans,3,2
1390,0.7398346856286216,-0.4760128616801909,kmeans,3,0
1391,-2.1222893015363895,0.843808848528433,kmeans,3,2
1392,0.05857768875375714,-0.08265681128679943,kmeans,3,2
1393,1.2692337978229393,-0.061091932145697754,kmeans,3,1
1394,2.626766514180573,3.076554577606605,kmeans,3,1
1395,1.0984992952034156,-0.9175820606780934,kmeans,3,1
1396,0.8043498503059603,1.4716447706665616,kmeans,3,1
1397,-0.31166194082284593,0.49904114808106853,kmeans,3,2
1398,-2.1531855769753006,-0.5158079955690763,kmeans,3,2
1399,2.4682294153681363,-0.5937205176519038,kmeans,3,1
1400,-0.2856114301896929,0.8380099298666008,kmeans,3,2
1401,-3.3501132930012654,0.04603475557379101,kmeans,3,2
1402,0.007525689775804111,-1.1580488661174344,kmeans,3,2
1403,1.572569790627586,-0.943147385911167,kmeans,3,1
1404,3.7631758354128384,-0.7882905115256554,kmeans,3,1
1405,1.1443672894677885,-0.8598356789716752,kmeans,3,1
1406,-1.421993871763765,-2.068357624138224,kmeans,3,2
1407,-0.25009548948787785,1.603635698136771,kmeans,3,2
1408,2.2157986671207355,0.7978971979235076,kmeans,3,1
1409,-2.2110400413122955,-0.09763074312486243,kmeans,3,2
1410,-2.6273521989169657,0.28044325247203133,kmeans,3,2
1411,2.9671745088700106,-0.6559867175938827,kmeans,3,1
1412,-2.197803833043364,1.9566689348861626,kmeans,3,2
1413,-2.934234293482786,1.158233697869061,kmeans,3,2
1414,-2.410135748611069,-0.6215495237726876,kmeans,3,2
1415,-4.775783995921738,-1.1641381491730192,kmeans,3,2
1416,-3.444071344780738,0.38039081627431476,kmeans,3,2
1417,0.04881654206257216,-0.14566807521798203,kmeans,3,0
1418,-0.9341397209507352,1.390561513999717,kmeans,3,2
1419,-0.0966874735129493,1.4838278376158045e-05,kmeans,3,2
1420,-0.6621582003859804,0.010548215490109049,kmeans,3,2
1421,-0.6931293402419203,0.3944030969866766,kmeans,3,2
1422,4.74125190874365,-0.04811333305500774,kmeans,3,1
1423,2.072696158052584,-0.579420779259218,kmeans,3,1
1424,-1.2091915789244785,-0.23974404270891347,kmeans,3,2
1425,-2.442823162825157,-0.9897968350085655,kmeans,3,2
1426,1.0533265937844065,0.9577202305926745,kmeans,3,1
1427,-2.363897544232227,-1.168136701999877,kmeans,3,2
1428,-0.5957978720022356,-1.4395045966090176,kmeans,3,0
1429,-2.618841933368405,1.5099892396007268,kmeans,3,2
1430,-0.4768992952571479,1.293841315380029,kmeans,3,2
1431,1.479952306559769,0.0013784755463236821,kmeans,3,1
1432,-3.018173800506506,-0.6574859737483211,kmeans,3,2
1433,3.331047040971267,0.48306238441898225,kmeans,3,1
1434,-1.6667212708810586,-7.2138255196860275,kmeans,3,0
1435,1.5330974153918389,0.13971589695837547,kmeans,3,1
1436,-1.6873182228980352,4.041516533530477,kmeans,3,2
1437,3.0436400836034307,-0.6150473026057188,kmeans,3,1
1438,-2.1362444718971556,-0.7074431911024254,kmeans,3,2
1439,2.420338527812825,1.4628489122066066,kmeans,3,1
1440,-3.1236909447080206,0.4894227482205348,kmeans,3,2
1441,-1.697601845674527,-2.1471269135710433,kmeans,3,2
1442,4.92289438012281,-0.9668812554453156,kmeans,3,1
1443,-0.7850320800649045,-0.9711116882032396,kmeans,3,0
1444,1.7078634894477456,-0.25494507617007695,kmeans,3,1
1445,0.593179026684135,-2.0343487719744386,kmeans,3,2
1446,-0.33490357562653644,1.4568762069069787,kmeans,3,2
1447,2.728043085481663,-1.168475627048034,kmeans,3,1
1448,-2.536285268273011,0.2702694546879147,kmeans,3,2
1449,-0.9767056462336586,-0.03827424825250582,kmeans,3,2
1450,-0.6589651238509199,-0.0781709339651262,kmeans,3,2
1451,0.14653916022764704,-2.426533743068131,kmeans,3,2
1452,-0.5355530063384193,2.0027943609418353,kmeans,3,2
1453,0.18223033162609537,0.4417812212917038,kmeans,3,2
1454,1.0065118488349931,1.6198302820466577,kmeans,3,1
1455,1.1610571335429918,0.8721355445734943,kmeans,3,1
1456,-1.866194871044674,0.18654762691798615,kmeans,3,2
1457,4.968815446847989,0.40518279693514686,kmeans,3,1
1458,1.8828059948716496,1.043111704847951,kmeans,3,1
1459,2.7589322440842374,1.5884971152414986,kmeans,3,1
1460,-2.599979564783142,-1.5686686174868167,kmeans,3,2
1461,2.3353073242544715,0.5843214114806835,kmeans,3,1
1462,-0.16963633374409653,-0.31742177848549225,kmeans,3,2
1463,0.716219037951887,-1.334423759752748,kmeans,3,2
1464,-0.7062493927987764,-0.4730096366498748,kmeans,3,2
1465,-1.906708556029674,2.6761120724613825,kmeans,3,2
1466,1.9114786554954348,-1.7122659925224961,kmeans,3,1
1467,-1.6193900070468312,-0.3893136368770236,kmeans,3,2
1468,-0.66768687560334,0.13828510366666827,kmeans,3,2
1469,-1.231505755519174,2.642417042525506,kmeans,3,2
1470,-0.5037668067531714,-1.0063784992280138,kmeans,3,2
1471,1.6387750923339401,-4.043842329575188,kmeans,3,0
1472,-3.30317972519991,1.2262901618201727,kmeans,3,2
1473,-0.8868519409624481,-1.0794056488818728,kmeans,3,2
1474,-1.0614094505981908,0.4224093724443656,kmeans,3,2
1475,1.584660082922756,-0.6616898987044237,kmeans,3,1
1476,-2.094312173389658,2.0964940592961616,kmeans,3,2
1477,1.615891299074748,1.1835638515483906,kmeans,3,1
1478,1.4023442559477852,-0.17893300777933774,kmeans,3,1
1479,-0.29616173697830356,-2.080073703003291,kmeans,3,2
1480,-2.1102505079328444,-2.9975693551042157,kmeans,3,2
1481,1.2178212188765403,0.09105855070746809,kmeans,3,1
1482,-0.41925229272489006,-0.7131612778926951,kmeans,3,0
1483,0.6008069846668637,-2.5142274249725016,kmeans,3,2
1484,-1.304841394389348,0.6846669057427589,kmeans,3,2
1485,-3.5708909802390894,-0.6506625432827705,kmeans,3,2
1486,-0.32527436559164774,-0.9089862597210319,kmeans,3,2
1487,-0.36288771046028023,0.16188686482674172,kmeans,3,2
1488,0.012558198968622638,1.8042542479994508,kmeans,3,2
1489,-4.8205427018204,-0.8912580297552007,kmeans,3,2
1490,-0.9157540936781207,-1.7246320665668309,kmeans,3,0
1491,4.0408236842296645,0.8250605981983051,kmeans,3,1
1492,-0.3027924686217091,2.1682303953057427,kmeans,3,2
1493,2.2770996110779436,2.712850149154927,kmeans,3,1
1494,-1.8184457960806413,-0.8538542404845173,kmeans,3,2
1495,4.7077395309224075,0.9793258700242695,kmeans,3,1
1496,0.8914844042775004,0.4443425840306055,kmeans,3,0
1497,0.08107093678975233,1.535444977255444,kmeans,3,2
1498,-0.6728947618068625,-0.5066375646600113,kmeans,3,2
1499,-0.2109102012748799,-2.996821474222548,kmeans,3,0
1500,-1.9973736159667552,-0.26046485240709033,kmeans,3,2
1501,-0.8649331392120625,-1.1778008836295006,kmeans,3,2
1502,5.188829912910754,-1.7767191887331235,kmeans,3,1
1503,-1.5345373139402705,-1.4590625418098377,kmeans,3,2
1504,0.7928989632356682,-0.1308143243416045,kmeans,3,0
1505,-2.434765507344397,2.10150257894944,kmeans,3,2
1506,-3.405817528573667,1.5416640801821564,kmeans,3,2
1507,-1.5161260171126747,-1.2551148764160884,kmeans,3,2
1508,0.25519332658163446,-1.2914904286112823,kmeans,3,0
1509,2.623348602118773,3.860046849886461,kmeans,3,1
1510,-0.26269508824223425,2.855863750467564,kmeans,3,2
1511,-0.348832919094999,-1.2800047410714417,kmeans,3,2
1512,1.418614093603138,0.28324037794263757,kmeans,3,1
1513,1.5414371396766744,-0.8968629111526265,kmeans,3,0
1514,0.5158188835125004,-0.7269178001215114,kmeans,3,2
1515,2.3587408304378443,0.5876379838893487,kmeans,3,1
1516,-2.0275985242058225,-0.918140026323021,kmeans,3,2
1517,-2.7963437596688094,-2.1108525527821307,kmeans,3,2
1518,-0.8449533414158423,-1.6093553750251366,kmeans,3,2
1519,0.6822106832243905,1.9083807408218245,kmeans,3,2
1520,-0.9172877133059337,0.003087843641953244,kmeans,3,2
1521,-2.8543521282073354,-0.22357152118575943,kmeans,3,2
1522,0.9877451267640108,2.176421444253023,kmeans,3,0
1523,2.172768509458375,-1.7564318560158976,kmeans,3,1
1524,0.6337670445732413,3.5070148443692246,kmeans,3,1
1525,-2.105931784990754,0.7565539007235229,kmeans,3,2
1526,-0.8573976540154815,0.978850231489055,kmeans,3,2
1527,-3.5025433062260265,-0.34885086663931886,kmeans,3,2
1528,-1.081324518117401,0.641857954076946,kmeans,3,2
1529,-0.9513497616815492,-4.131453358263597,kmeans,3,0
1530,0.08966648131125184,-0.2160197385103305,kmeans,3,2
1531,2.889932660065175,-0.28956514168774034,kmeans,3,1
1532,-0.5672147078937582,-0.760240817903996,kmeans,3,2
1533,-1.3695464853647656,1.011222039839769,kmeans,3,2
1534,3.5232937499522476,1.1548863474219644,kmeans,3,1
1535,-1.1743122435851587,-2.110159609210378,kmeans,3,0
1536,-3.2535878311841087,-1.2133217301429162,kmeans,3,2
1537,0.8287721920326391,-1.9737733012867413,kmeans,3,0
1538,-2.0420312934703087,0.053242015481997196,kmeans,3,2
1539,4.52471094331074,-0.7721874865262618,kmeans,3,1
1540,-1.1570854633295544,-0.4167502274691411,kmeans,3,2
1541,-2.644380774596803,0.5754495861277272,kmeans,3,2
1542,1.244971467496591,1.884472056643047,kmeans,3,1
1543,-1.8599118001698773,-1.2027665948223345,kmeans,3,2
1544,3.9307883647272557,0.49615141846561267,kmeans,3,1
1545,-0.11395367256282939,1.2606456895996514,kmeans,3,2
1546,0.2581484216248348,-0.8559485054554774,kmeans,3,0
1547,-3.982761642114167,-1.4972377009278803,kmeans,3,2
1548,1.5987101095229987,-0.6509377469586232,kmeans,3,1
1549,2.928552222568938,-0.410339688546291,kmeans,3,1
1550,-0.35400897919792446,2.652788936392045,kmeans,3,2
1551,0.604022910737284,-0.6163107044086381,kmeans,3,1
1552,-0.671367572579046,-0.38726757360798225,kmeans,3,2
1553,-1.090383094335393,0.415678525187745,kmeans,3,2
1554,-0.8395146019559322,1.4997000583182503,kmeans,3,2
1555,-0.7998262234240712,-0.4147908576251979,kmeans,3,2
1556,0.5028332996085098,-2.076624778604272,kmeans,3,1
1557,-2.6095942092765028,0.2032447969543425,kmeans,3,2
1558,-1.6405847131630382,3.5702077312882694,kmeans,3,2
1559,-0.9247383313305911,0.7417850420855158,kmeans,3,2
1560,-0.13660482076430827,-2.2681832271477407,kmeans,3,2
1561,-2.2753157883138373,-0.241535861346587,kmeans,3,2
1562,4.060778493261359,-1.4315852112209508,kmeans,3,1
1563,-2.4273518049379854,-0.4412437329980013,kmeans,3,2
1564,4.736750857515493,2.8856322355303674,kmeans,3,1
1565,-1.1239602447221118,-0.9941136654389082,kmeans,3,0
1566,-1.4560603307953066,1.7091775079098923,kmeans,3,2
1567,0.2563922689527595,-2.4791030668778307,kmeans,3,0
1568,-1.6840609839098404,0.3059433948147493,kmeans,3,2
1569,-1.4441520082443369,-0.10149744199883184,kmeans,3,2
1570,0.9173157007065487,-0.5291610727618662,kmeans,3,1
1571,-2.227171834555637,1.9002682042156063,kmeans,3,2
1572,-0.3285825938419863,-0.46096358642793117,kmeans,3,2
1573,0.19860537114658813,-1.3531095866337106,kmeans,3,2
1574,2.2017460165369926,-1.0349255306760619,kmeans,3,1
1575,0.7062288309675713,-2.2537994349943493,kmeans,3,0
1576,-1.6311077014481927,-2.2010001192904602,kmeans,3,2
1577,-2.929779623495232,2.5367487820681935,kmeans,3,2
1578,-1.888442948707809,2.7045077970425053,kmeans,3,2
1579,-2.156216613378399,2.882498552423958,kmeans,3,2
1580,-1.1845800359444731,-0.2883068778419877,kmeans,3,2
1581,-0.5925582334510849,-0.18436970169170536,kmeans,3,0
1582,0.5844098362881539,0.26151280979511743,kmeans,3,0
1583,-2.4818305505521017,1.585225609672129,kmeans,3,2
1584,-2.3519428079198286,-0.04852628132483879,kmeans,3,2
1585,-1.9180211030468648,2.2913745932101146,kmeans,3,2
1586,4.166870514896333,0.2534813887944246,kmeans,3,1
1587,-3.3502334361664827,1.5570185236118328,kmeans,3,2
1588,-1.1688409710683076,0.8946676184236964,kmeans,3,2
1589,0.7549796023185612,0.8745422964442958,kmeans,3,1
1590,1.5567461843604335,1.1782866334774214,kmeans,3,1
1591,-2.2301757964948834,-0.7864592971553337,kmeans,3,2
1592,0.35262084097010793,2.374846575949415,kmeans,3,2
1593,0.9282068859619398,1.0020026973426954,kmeans,3,1
1594,-2.7015303569062135,0.34588998488676337,kmeans,3,2
1595,-2.9609654139490122,-1.4607071687758129,kmeans,3,0
1596,-1.139416108541502,0.5899867781308925,kmeans,3,2
1597,0.8805672558146188,0.43263032936575313,kmeans,3,1
1598,-0.9235079446103373,-0.9323624707520649,kmeans,3,2
1599,-3.2959407688202313,0.8756495454560871,kmeans,3,2
1600,-2.2841636018903735,-0.15551149295881272,kmeans,3,2
1601,1.86240433602518,3.0383218694368086,kmeans,3,1
1602,-2.5329756783669017,0.8421550266617019,kmeans,3,2
1603,0.10724985375257948,-0.005719591375627787,kmeans,3,2
1604,-1.0095830525184524,1.2340002271078658,kmeans,3,2
1605,0.8326176276292722,-1.0956319534983765,kmeans,3,1
1606,-0.5281152307628791,-2.160734796777811,kmeans,3,2
1607,2.4995924333154753,-1.156862449892361,kmeans,3,0
1608,1.4396071313414682,0.9286723314123475,kmeans,3,1
1609,-1.749158323977408,0.6983786819960988,kmeans,3,2
1610,-0.2990186527377996,0.8338364879880676,kmeans,3,2
1611,-3.417798294563712,1.51625534425935,kmeans,3,2
1612,0.4651626718321199,1.4823798904884853,kmeans,3,2
1613,0.7931167614069248,0.71511894564743,kmeans,3,1
1614,-0.9222550738166536,0.015254349911743402,kmeans,3,2
1615,1.47450260818952,-0.7304221764496178,kmeans,3,1
1616,0.2480677581232827,-2.44327538489506,kmeans,3,2
1617,-1.8684398471511454,-0.7098583690909736,kmeans,3,2
1618,-1.8807509311230748,0.16892146755515064,kmeans,3,2
1619,4.432108601259544,-0.24808451142702712,kmeans,3,1
1620,1.0361393058723658,1.5964469333506448,kmeans,3,1
1621,1.0890184514220873,-0.8920346850617442,kmeans,3,1
1622,1.8939005051323632,1.7025998943222456,kmeans,3,1
1623,-1.011418583397724,1.0992839023813263,kmeans,3,2
1624,3.9722909917251537,-1.4724041813863382,kmeans,3,0
1625,-1.5047783865830364,-0.6581280441736836,kmeans,3,2
1626,1.1116152692227224,0.37177064899046386,kmeans,3,1
1627,-1.6590634110682643,0.2319575304956535,kmeans,3,2
1628,0.9265441458353814,-1.8344481526308207,kmeans,3,0
1629,-2.6622803013191,3.2643431074147866,kmeans,3,2
1630,0.45314831714907094,0.34306868909296695,kmeans,3,2
1631,-2.209498602167103,-0.6934617670996966,kmeans,3,2
1632,-0.6208345647073961,-1.3051829067264542,kmeans,3,0
1633,-2.6591467479153112,1.0962616260236102,kmeans,3,0
1634,-0.9574360196916063,0.5530385754066393,kmeans,3,2
1635,-1.3579487170025646,1.8059146041127307,kmeans,3,2
1636,-0.6460826502940027,-1.6063496364467549,kmeans,3,2
1637,-2.688530316333141,0.8680453638128305,kmeans,3,2
1638,2.2812398099343403,-0.21144427651939648,kmeans,3,1
1639,-2.447330312562369,1.2100599845264468,kmeans,3,2
1640,3.402274816722028,-0.6137563438487237,kmeans,3,0
1641,-0.7699306336539025,0.37399381213907995,kmeans,3,2
1642,0.6331418553530895,0.07600075873978063,kmeans,3,1
1643,-2.492753031490732,-1.0005572431223988,kmeans,3,2
1644,-0.824046203739717,-0.6744341404882483,kmeans,3,2
1645,-1.3499501340142437,0.32380215595026773,kmeans,3,2
1646,0.6767277512509392,-0.7891162987813718,kmeans,3,0
1647,3.1814852653201195,-0.7330309512909032,kmeans,3,1
1648,-0.05483078738769459,0.5755700483242517,kmeans,3,0
1649,0.7060642585430821,-0.7400938610948422,kmeans,3,0
1650,0.870658284207452,0.09951902634363212,kmeans,3,1
1651,0.8979476572894358,-0.9733251723505149,kmeans,3,1
1652,-0.16414254017856883,0.37352147371252353,kmeans,3,2
1653,-2.9446978021439265,0.43083077231103023,kmeans,3,2
1654,-3.399783891768505,1.5256574294112109,kmeans,3,2
1655,4.7679036180053265,1.5417813212989961,kmeans,3,1
1656,1.3184930330076798,1.5784941309540956,kmeans,3,1
1657,3.6989359313888968,1.5000085734997597,kmeans,3,1
1658,1.8662481918854188,0.35827087864737495,kmeans,3,1
1659,-0.061639335506271965,1.529009238696642,kmeans,3,2
1660,-0.6979351515554193,-2.238477348282297,kmeans,3,0
1661,-1.639855393284597,-0.9215916012909371,kmeans,3,2
1662,-2.2525908531831558,0.06561573504374923,kmeans,3,2
1663,-4.132044476224483,1.4686736226192374,kmeans,3,2
1664,-0.12020995290220617,1.2330458615065025,kmeans,3,2
1665,1.708716219122284,0.6281291534763209,kmeans,3,1
1666,-2.3695105356027812,-1.8317408284179884,kmeans,3,2
1667,-2.5764336471668927,1.856517120498092,kmeans,3,2
1668,0.19321186813453006,-1.5244417772518153,kmeans,3,2
1669,0.8369413241732816,-0.21029457749975322,kmeans,3,0
1670,1.038167223718306,-4.616158077832459,kmeans,3,0
1671,-2.122987477581465,-2.19047251635386,kmeans,3,2
1672,-0.15639918593262667,1.2631626701094405,kmeans,3,2
1673,-1.8046551249906129,0.38562616269436684,kmeans,3,0
1674,-3.389717845303777,-4.96268166554379,kmeans,3,0
1675,0.7089671555734594,-1.4210836545312866,kmeans,3,0
1676,-1.3000424448500512,2.6185447050060766,kmeans,3,2
1677,1.7856551450011269,0.5363166152068031,kmeans,3,1
1678,-0.5899417816163005,-0.9994469457049897,kmeans,3,2
1679,0.22825091624099245,-1.3607281617390257,kmeans,3,2
1680,0.7437163256973421,-0.7267252418645337,kmeans,3,1
1681,-2.9365070980122847,-1.1842571355546068,kmeans,3,2
1682,-0.8685191226853324,-0.664883656168689,kmeans,3,2
1683,2.1043732931468915,0.4639323213732956,kmeans,3,1
1684,-0.5994384581587229,0.40230177119421184,kmeans,3,0
1685,-0.5199706320899269,1.569903674092216,kmeans,3,2
1686,-2.8780110362900717,-0.7817878030986264,kmeans,3,2
1687,0.14414042537649924,1.074059893165817,kmeans,3,2
1688,1.7862086552134524,0.5534039164771014,kmeans,3,1
1689,-0.30939868421537997,-0.47665964404000577,kmeans,3,2
1690,1.3749890172691244,0.8273197821567506,kmeans,3,1
1691,0.31501532266063254,0.8325075880961439,kmeans,3,2
1692,1.0117327167544614,-1.1075340050288538,kmeans,3,0
1693,1.6546549412686824,1.2487631402109436,kmeans,3,1
1694,2.06458771794027,1.6647352344651367,kmeans,3,1
1695,2.459286764770809,-1.8733818563308187,kmeans,3,0
1696,1.3366483617774778,-2.5797390452040467,kmeans,3,0
1697,-2.136417627417541,0.6905689077991207,kmeans,3,2
1698,4.859452102294395,1.3098766950109029,kmeans,3,1
1699,-0.7916508925821482,2.4116755065810653,kmeans,3,2
1700,1.0074881331606125,-0.6758288556485411,kmeans,3,1
1701,3.306626348551302,2.213639402709671,kmeans,3,1
1702,0.01012976151671599,-0.5070400448224468,kmeans,3,2
1703,0.4635736260692996,0.041748098396447234,kmeans,3,2
1704,-0.13280023274789282,-0.40884489327980006,kmeans,3,2
1705,-1.1269811911693015,-2.818279285027611,kmeans,3,2
1706,0.017776783017384893,-0.3615825235000098,kmeans,3,2
1707,-2.099290623768016,0.366395637965187,kmeans,3,2
1708,-2.7440865713112323,0.5984161595572524,kmeans,3,2
1709,-1.3495140099102234,-0.1766221291784797,kmeans,3,2
1710,-1.6006342253126609,2.3308138389417126,kmeans,3,2
1711,3.155238711256464,0.5539184587093403,kmeans,3,1
1712,3.302100800173788,0.10165275214625288,kmeans,3,1
1713,1.3716622194113386,1.9291179246022219,kmeans,3,1
1714,1.8503224144045733,-3.3522297937504506,kmeans,3,0
1715,-2.8802931451504157,-0.3100981775647869,kmeans,3,2
1716,1.148214951919224,-0.029567152539269642,kmeans,3,1
1717,-0.6844926149930509,1.813639401130403,kmeans,3,2
1718,-1.5850310788714148,-1.7169493972942127,kmeans,3,2
1719,0.2737305090833056,-1.9109307412245533,kmeans,3,0
1720,2.998864303298087,-0.8406371636786858,kmeans,3,1
1721,0.7415503605629902,1.1651443675747044,kmeans,3,1
1722,-2.412385636238226,-1.5579103805688095,kmeans,3,2
1723,3.4829620853943837,0.6966230485432511,kmeans,3,1
1724,1.5597433348524703,0.16798040661016617,kmeans,3,1
1725,2.4104297179234173,-1.9361484003088276,kmeans,3,1
1726,-2.2722551486099047,1.7440382570819797,kmeans,3,2
1727,-1.0568888747900635,-0.6246514134516062,kmeans,3,2
1728,-0.4442588693798388,-1.965059571222372,kmeans,3,2
1729,0.8901005675415101,0.4655613007308355,kmeans,3,1
1730,-1.355511449010455,-0.6204385890206274,kmeans,3,2
1731,1.2129160771879557,-1.5747971980915128,kmeans,3,1
1732,0.20075749398504691,2.427357231751751,kmeans,3,2
1733,-1.5285935700120024,0.2672857952381185,kmeans,3,2
1734,0.20069010335545248,-1.6646889197236814,kmeans,3,2
1735,-0.1199344598667125,-0.6882651486348644,kmeans,3,2
1736,-0.009234043908144937,0.6784358192234772,kmeans,3,2
1737,-1.1498390881212357,0.2937755930852594,kmeans,3,2
1738,-0.356319019405549,-0.6087350548622144,kmeans,3,2
1739,-2.2980313188616046,0.8128656137679766,kmeans,3,2
1740,0.2441587522418652,-0.6933973145754507,kmeans,3,2
1741,-1.1210505421478894,-0.6320787720901287,kmeans,3,2
1742,0.47560223644972904,-0.5224780598545623,kmeans,3,2
1743,-1.6870453924710502,1.4856827456322712,kmeans,3,2
1744,-1.1237686123341963,-0.3444740669121167,kmeans,3,2
1745,3.9189249364518415,-0.18078949386916168,kmeans,3,1
1746,-1.6664870275071522,-0.7744504767884299,kmeans,3,2
1747,0.08151170819917958,0.8539116865231909,kmeans,3,2
1748,1.7017481427927867,-1.1388771738663535,kmeans,3,1
1749,0.2732304628446363,1.473895750606901,kmeans,3,2
1750,-0.42517973866362135,-1.5636919564985765,kmeans,3,0
1751,-2.7265202948172234,0.25765031178766545,kmeans,3,2
1752,-0.26178066484944895,0.37669426998593436,kmeans,3,2
1753,2.047856007783716,0.08621066656303635,kmeans,3,1
1754,-1.2100808441026116,-1.1117264897041303,kmeans,3,2
1755,2.6612301894646904,0.28920300431498785,kmeans,3,1
1756,-1.437419671768479,-0.3410733499215299,kmeans,3,2
1757,3.7625889795886622,-0.8495456341613649,kmeans,3,1
1758,2.7757703656019768,0.1095556891698893,kmeans,3,1
1759,1.8656910108258002,-1.07019900478252,kmeans,3,1
1760,-1.4032221732947336,-0.7766577693470023,kmeans,3,2
1761,0.15847712194019595,-0.22419053670579311,kmeans,3,0
1762,-2.9122204537081595,0.4645029568196858,kmeans,3,0
1763,-1.0265368996448496,-0.5231031622571534,kmeans,3,2
1764,0.4305169862622586,1.9845659188265716,kmeans,3,2
1765,5.779979686736966,0.049664186507173344,kmeans,3,1
1766,1.9959920471517356,1.0416539709082282,kmeans,3,1
1767,-2.4431313160742287,0.04114335004324573,kmeans,3,2
1768,-2.357529313038733,-0.4849775604077722,kmeans,3,2
1769,-0.37658395154894214,0.40855232325692525,kmeans,3,2
1770,-1.5217376789525994,2.920795307448249,kmeans,3,2
1771,-0.45774168090907086,-0.42226531891641905,kmeans,3,2
1772,-1.1760303513607329,1.0222936443078907,kmeans,3,2
1773,4.0898249406045055,1.0199843398630362,kmeans,3,1
1774,2.1826391538817265,0.5625122212948809,kmeans,3,1
1775,-3.4412686574999958,-1.4635362436324444,kmeans,3,2
1776,-1.4416422446271149,0.14310569610177223,kmeans,3,2
1777,3.5915138770727517,-1.3284606507729428,kmeans,3,1
1778,3.1471651900747233,0.10451380068504687,kmeans,3,1
1779,2.1451647118802253,0.7966110758095056,kmeans,3,1
1780,-1.900388441955011,0.665839296980376,kmeans,3,2
1781,-1.1487885109646632,-0.41621463486943044,kmeans,3,2
1782,2.994523614229168,0.8637738456144944,kmeans,3,1
1783,-3.0811625225691266,-1.9357900462723252,kmeans,3,2
1784,2.519840753837188,2.298447723323649,kmeans,3,1
1785,3.746796905083815,0.7789598302799425,kmeans,3,1
1786,-2.723572190768359,-0.33406026434751573,kmeans,3,2
1787,0.5012782742291764,-1.233098552609732,kmeans,3,0
1788,2.8397566291081136,-0.025203569418840825,kmeans,3,1
1789,0.8694637526179291,-1.5194450237992008,kmeans,3,1
1790,1.2098325496300184,-1.007325359209623,kmeans,3,1
1791,2.2468705240510247,2.0359679065968086,kmeans,3,1
1792,-0.7698460870485692,1.111355397343188,kmeans,3,2
1793,-2.0568434182693265,-4.058461559151643,kmeans,3,0
1794,-0.9006091005911362,0.8113535168486672,kmeans,3,2
1795,-0.3517158503378457,0.6209925361177298,kmeans,3,2
1796,0.5925575382503407,-0.06861232566525392,kmeans,3,0
1797,-2.298519033689026,0.3192911346887084,kmeans,3,2
1798,-1.7060736580069729,-0.21879496079135258,kmeans,3,2
1799,0.24108927337386488,0.1444000418728484,kmeans,3,2
1800,-0.6822544818179211,1.958266813284361,kmeans,3,2
1801,-0.6146323338798136,0.9143685222811886,kmeans,3,2
1802,-1.5741482333229784,-0.8012021678813941,kmeans,3,2
1803,1.8388302072482692,-1.4309333641990734,kmeans,3,1
1804,0.9359265110325911,-0.026173211838020034,kmeans,3,0
1805,3.7745535095276277,3.8930757342652456,kmeans,3,1
1806,-0.5567011421159694,-4.112451450552798,kmeans,3,0
1807,1.3543655520910869,0.7023759291166226,kmeans,3,1
1808,0.6870221092065213,0.2157495204784244,kmeans,3,0
1809,-2.99795021464488,2.31000046013137,kmeans,3,2
1810,-0.12875209595710796,-1.3196714304053174,kmeans,3,0
1811,-2.6356484304274055,1.0624025613141581,kmeans,3,2
1812,0.1521752370457,0.8378788487253963,kmeans,3,2
1813,2.182555302744303,-0.2146876762581246,kmeans,3,1
1814,-2.6694182565051277,0.779704309026894,kmeans,3,2
1815,-0.6109906459892637,-2.3009398219265775,kmeans,3,2
1816,0.33114934014322345,-0.1201205229872928,kmeans,3,2
1817,-1.3087479624350686,0.7107725885753066,kmeans,3,2
1818,0.2246074295082787,1.418998092971308,kmeans,3,2
1819,-1.7417433770513542,-2.5538228561857976,kmeans,3,0
1820,-0.41064685048073973,-0.12989322817814125,kmeans,3,0
1821,-3.0138567671982956,0.37593252230777363,kmeans,3,2
1822,-0.36144529621751265,0.2744709656171794,kmeans,3,2
1823,-0.620335505956395,-0.5252545253570305,kmeans,3,2
1824,-1.6714866003111846,-0.3501610249487904,kmeans,3,2
1825,3.961351669193258,1.6018372417368993,kmeans,3,1
1826,-0.670384899650769,0.6309281611223952,kmeans,3,2
1827,0.7836018530468309,-1.3624820638611737,kmeans,3,1
1828,-0.6849589914656686,-0.48881272963001304,kmeans,3,2
1829,5.893051989096921,1.32968348456138,kmeans,3,1
1830,-1.2087152661623544,-0.6683489978002819,kmeans,3,2
1831,-0.39246045463969786,2.2365327108032425,kmeans,3,2
1832,-1.577118844289878,1.4797706322463433,kmeans,3,2
1833,1.7013828324545357,-0.9421711210925261,kmeans,3,1
1834,-0.3856530851344472,0.30911394942227344,kmeans,3,2
1835,4.0183701683225745,1.6829795703653128,kmeans,3,1
1836,0.6750631890827722,1.0728633623841284,kmeans,3,2
1837,-3.469096524527432,-0.8599982354118859,kmeans,3,2
1838,0.713363530446394,0.14455533278577143,kmeans,3,0
1839,3.894513351113141,0.01170892974834709,kmeans,3,1
1840,-1.8226505269648863,-1.3172254022680463,kmeans,3,2
1841,1.7488590641872297,-1.4610780334448568,kmeans,3,1
1842,-1.0623166180257804,0.6020515799886326,kmeans,3,2
1843,-3.4156345314938235,1.2855680536677938,kmeans,3,2
1844,-0.2869209761508424,-0.6282169508616219,kmeans,3,2
1845,0.46890947043632586,0.693548594736505,kmeans,3,2
1846,-1.8575488716557274,-5.970883120768071,kmeans,3,0
1847,2.082909646378205,-0.7781760532130446,kmeans,3,1
1848,-2.47361302770985,-0.2437746538108543,kmeans,3,2
1849,-1.3969590859725631,-0.40978340815568554,kmeans,3,2
1850,2.160938548401379,-1.8636033055537025,kmeans,3,1
1851,-0.9230860470405932,0.6976500589167118,kmeans,3,2
1852,-2.227287743643617,-0.36687203932783463,kmeans,3,2
1853,1.348341293296216,-1.2420297596075376,kmeans,3,0
1854,-1.4147922020687818,2.362588140022045,kmeans,3,2
1855,-1.389122040758351,1.313013275462804,kmeans,3,2
1856,-0.18603889190232967,0.4474124567442182,kmeans,3,2
1857,-0.15279343375439028,-0.4103818039291136,kmeans,3,2
1858,-1.5724983114768059,1.368187591459845,kmeans,3,2
1859,-0.2498341373618956,-0.19409916215208806,kmeans,3,2
1860,-0.7012434347913112,0.8562935528828313,kmeans,3,2
1861,-2.0739449746094185,2.052248590846965,kmeans,3,2
1862,-0.8940189521063956,3.1039516542508547,kmeans,3,2
1863,4.035398816021917,-0.3934100352909122,kmeans,3,1
1864,-1.8193798175399456,0.569040735391614,kmeans,3,2
1865,2.2990271170584324,-2.6942749328277285,kmeans,3,1
1866,-0.4041211306678347,1.448217502964201,kmeans,3,2
1867,-2.1299440092659294,-0.6129567317906306,kmeans,3,2
1868,4.70811718422931,0.4834740498292922,kmeans,3,0
1869,-0.18378764477913828,3.4547605752072768,kmeans,3,2
1870,-0.0653593016307055,0.9494800290682474,kmeans,3,2
1871,-1.3306623325389357,-7.4314698345388415,kmeans,3,0
1872,3.535884123904565,0.4200742377081699,kmeans,3,1
1873,1.9654485485511592,1.0526720165613133,kmeans,3,1
1874,0.281384734925943,-4.351649461956209,kmeans,3,0
1875,-0.2226782545192305,0.07383842330389451,kmeans,3,2
1876,-2.1155998002413186,-2.4919344791351317,kmeans,3,2
1877,3.8702274083830366,-0.3519243050545527,kmeans,3,1
1878,3.0847735492035193,-2.067208070165349,kmeans,3,1
1879,-0.5120968874718608,-1.6670044856975732,kmeans,3,2
1880,-2.614463693457966,-0.36729684848492616,kmeans,3,2
1881,1.8462099648570394,0.3006877393039375,kmeans,3,1
1882,-1.2007223256683732,-1.0433636783926366,kmeans,3,2
1883,-0.2774092467532774,1.3199214436628137,kmeans,3,2
1884,-1.0661326545378778,-0.4463268189699323,kmeans,3,2
1885,-3.84218835137866,-0.022949132133596024,kmeans,3,2
1886,-0.7943250500033164,1.8260127732482028,kmeans,3,2
1887,-0.2521451898257375,1.5539149175212537,kmeans,3,2
1888,3.9442392852140262,2.921905651889132,kmeans,3,1
1889,0.24470630044275468,1.3444173391978638,kmeans,3,2
1890,-2.815238475066503,2.3774667328448915,kmeans,3,2
1891,2.486049652131242,-0.47979860958584664,kmeans,3,1
1892,-3.60078525584017,0.7752890313858828,kmeans,3,2
1893,-1.0269202722061626,-0.06854643737342812,kmeans,3,2
1894,-2.2918248337795877,0.4519253992351283,kmeans,3,2
1895,-3.009520501398461,-0.6095453527956612,kmeans,3,2
1896,-1.314210461900042,0.3164510104698092,kmeans,3,2
1897,-1.3155115227029253,-1.2811900850463,kmeans,3,2
1898,-3.7444825382696862,1.458632804368647,kmeans,3,2
1899,-0.9169193070741201,0.6476903645441259,kmeans,3,2
1900,2.0961969742666624,1.238043564718472,kmeans,3,1
1901,1.8472913590475417,0.7944047964804587,kmeans,3,1
1902,0.2960422660584149,-0.36251242995881916,kmeans,3,2
1903,0.031092759390810513,0.2690632953201026,kmeans,3,2
1904,-1.2951867040105434,1.9883985213920046,kmeans,3,2
1905,0.8256753144772415,0.46305061177265205,kmeans,3,1
1906,1.5888130639854923,2.226118695998543,kmeans,3,1
1907,2.5895605997048383,0.2615125921996069,kmeans,3,1
1908,-0.44925419662304295,1.0550132721317762,kmeans,3,2
1909,2.128640828311484,-0.7556374626413462,kmeans,3,1
1910,0.3034392354587529,0.2110481424726549,kmeans,3,2
1911,3.1610012561436744,-2.509020700756451,kmeans,3,1
1912,1.4845115347697664,0.33041559150342,kmeans,3,1
1913,-1.1555655367652262,0.6753317342796107,kmeans,3,2
1914,-1.1246951076756084,-0.8236445065112131,kmeans,3,0
1915,-0.3145078214939517,1.1940101555274152,kmeans,3,2
1916,-0.9793127723461953,0.8004002426923693,kmeans,3,2
1917,2.604173252293809,0.6359288598061282,kmeans,3,1
1918,-1.2713582689802116,0.2579601786321032,kmeans,3,2
1919,-1.0891349636374243,0.12879364494789597,kmeans,3,2
1920,2.636180441021458,0.5304868990260311,kmeans,3,1
1921,0.3887041251539823,1.7599699310711476,kmeans,3,2
1922,0.2702142942410168,-2.355650661486751,kmeans,3,2
1923,-3.073466976371966,0.4468879933621676,kmeans,3,2
1924,-2.0034867791920647,-1.5083328951174677,kmeans,3,2
1925,-0.49470077366915377,1.1632906290106542,kmeans,3,0
1926,0.8096311937104934,0.5483481111430237,kmeans,3,0
1927,0.8569230270780158,-0.09695955819531434,kmeans,3,1
1928,0.36493373222186765,0.49544593693221006,kmeans,3,2
1929,-2.531993068562002,-1.4105642191090313,kmeans,3,2
1930,-0.6127763755133667,-1.4047184925919414,kmeans,3,2
1931,-0.1994877185535703,0.17729896028395828,kmeans,3,2
1932,-1.7711246261932994,3.087318116032292,kmeans,3,2
1933,0.8372594137632293,3.596099331453162,kmeans,3,1
1934,2.0527885237799044,-0.6677513555494204,kmeans,3,1
1935,1.875393522874254,-2.7459570724224998,kmeans,3,0
1936,2.226692588492641,1.1613248901444166,kmeans,3,1
1937,3.2481919584620087,-0.05741040900766442,kmeans,3,1
1938,-3.0577609880649788,0.1395420251413054,kmeans,3,2
1939,0.9306801207298238,1.4774831569097477,kmeans,3,1
1940,0.22542570848850652,-0.059231477437303684,kmeans,3,2
1941,-0.5969336376189726,0.7179995764510828,kmeans,3,0
1942,3.4791647876571545,0.6315659118833414,kmeans,3,1
1943,-0.3010019474434964,0.7001453801258233,kmeans,3,2
1944,-0.5314994265625722,-4.013693027907028,kmeans,3,0
1945,1.2405816362297946,-2.2951606670353595,kmeans,3,1
1946,1.2434860848526208,-0.9621714785609405,kmeans,3,1
1947,-1.2037829412943848,1.7803874134426665,kmeans,3,2
1948,0.18349778173407624,1.8771113770107608,kmeans,3,2
1949,-2.569979714279485,-1.9648345221868653,kmeans,3,2
1950,-0.5587380706324127,0.008861888400277351,kmeans,3,2
1951,0.9300946993614032,1.1025508388832168,kmeans,3,1
1952,-1.5064202456633766,1.4520047223041403,kmeans,3,2
1953,-2.215998465047479,0.47059418347188925,kmeans,3,2
1954,-1.8157907631121157,-0.548938858049132,kmeans,3,2
1955,1.5857774551331412,0.010336030960268177,kmeans,3,1
1956,-0.4654928930218946,1.092860408749019,kmeans,3,2
1957,-0.833999181067406,0.59292029260832,kmeans,3,2
1958,-2.4755977090526975,1.1984105401201244,kmeans,3,2
1959,-1.6022525465795527,-2.02122785520641,kmeans,3,2
1960,3.035970681634146,-0.6584492088298208,kmeans,3,1
1961,-1.6947127652836875,1.1144674372306647,kmeans,3,2
1962,-0.4754454486482585,0.8279732085927622,kmeans,3,2
1963,2.5218338445819612,2.5238791539269645,kmeans,3,1
1964,7.728378265652015,-3.7270883785168576,kmeans,3,1
1965,-2.8439258051564162,0.7190310355851848,kmeans,3,2
1966,-1.2818460571013832,0.6953366212892432,kmeans,3,2
1967,-2.799576255341692,-1.0211089964169329,kmeans,3,2
1968,-2.031111230551608,-0.22713244441322195,kmeans,3,2
1969,2.424826895455076,0.9152415463701828,kmeans,3,1
1970,0.023475852310722866,0.4816157324205866,kmeans,3,2
1971,-0.5733154345333107,0.6698861587690695,kmeans,3,2
1972,0.4963593088071981,-0.22320893492690136,kmeans,3,2
1973,-1.6261101028890148,-0.03176777302784966,kmeans,3,2
1974,0.41434719896673494,0.7840856357877553,kmeans,3,2
1975,-1.0769927069947258,0.12266228909151967,kmeans,3,2
1976,0.09551511275927649,-0.975133911847333,kmeans,3,0
1977,0.2303458130398518,0.616029871006378,kmeans,3,2
1978,0.5726007109580478,1.8928141447597964,kmeans,3,1
1979,-3.4863246548095175,-0.535410825466905,kmeans,3,2
1980,-1.9204521379115107,-0.3509903863988095,kmeans,3,2
1981,-0.7320441596401831,1.809565987290578,kmeans,3,2
1982,1.642195418025438,0.24291503804722528,kmeans,3,1
1983,0.8484535333159213,0.8227597130332969,kmeans,3,1
1984,-2.128831053590029,0.43903299862039075,kmeans,3,2
1985,1.131912962537255,-0.7656749813092623,kmeans,3,0
1986,3.8050456530368972,-2.0870732177429723,kmeans,3,1
1987,-2.579852287984109,-1.3157144926482995,kmeans,3,2
1988,2.5319072195850674,0.6366163968857185,kmeans,3,1
1989,0.3301834713282423,-1.8581569293310176,kmeans,3,0
1990,1.0030824913531318,0.759000744812435,kmeans,3,1
1991,1.3706311518839962,-0.8965291927990833,kmeans,3,0
1992,-2.232432899633516,1.109388146446781,kmeans,3,2
1993,0.4669783592049286,0.7432112340627957,kmeans,3,2
1994,2.494089954967797,1.4448262038235042,kmeans,3,1
1995,0.32490004557254054,-1.4991276016253796,kmeans,3,2
1996,-0.699475129289975,-0.9631234810875949,kmeans,3,2
1997,3.8756204704540793,-0.0343347476271241,kmeans,3,1
1998,-1.6478425834580457,0.4991109555454227,kmeans,3,2
1999,-3.793378014087312,2.448407430940516,kmeans,3,2
2000,-1.7872205266779715,-3.6001127935292248,kmeans,3,0
2001,-0.6476884278516939,-0.867984553646272,kmeans,3,2
2002,-0.04493255200600998,0.5249067764043864,kmeans,3,0
2003,3.6558924700411106,-1.7514543414680515,kmeans,3,1
2004,-1.4008250824479898,2.1085350470600437,kmeans,3,2
2005,0.5988227961463187,-0.05654024540956018,kmeans,3,2
2006,-1.2341916258225085,-0.8041347767952168,kmeans,3,2
2007,2.6888363569050577,-0.37694775258542723,kmeans,3,1
2008,0.39055889728110427,-5.2831949780369625,kmeans,3,0
2009,3.7737200991239876,0.246791517798893,kmeans,3,1
2010,0.22856241789252096,1.9212262938456288,kmeans,3,2
2011,5.017085500030807,-2.345571250398624,kmeans,3,1
2012,-0.7419120070608193,-0.7160929093622287,kmeans,3,0
2013,-2.8276781093464503,-0.8514375771825927,kmeans,3,2
2014,2.384152585612258,-0.7839823783178886,kmeans,3,1
2015,0.48305054367569883,-1.4197880505641725,kmeans,3,1
2016,0.9028195331273529,0.4223941753020454,kmeans,3,1
2017,0.16737596639310703,-1.3563707084034842,kmeans,3,2
2018,-3.327361816382967,0.2957052531135331,kmeans,3,2
2019,-2.516436543624376,-0.6855568626682055,kmeans,3,2
2020,-1.5032400487500053,1.3058468548660433,kmeans,3,2
2021,1.239320065322782,-5.109252427408082,kmeans,3,0
2022,4.5489315631717595,1.0209814431739144,kmeans,3,1
2023,1.16424964547339,1.775742307064418,kmeans,3,1
2024,-0.6814723855798284,0.48995858231678796,kmeans,3,2
2025,1.2650837491294917,0.11908970961608026,kmeans,3,1
2026,-0.0834185219138575,3.9301425637510694,kmeans,3,2
2027,-2.4741576679983237,-0.6933794319066373,kmeans,3,2
2028,2.3256507705628966,-0.425556704822397,kmeans,3,1
2029,-0.37725749478370857,-2.363493529964501,kmeans,3,2
2030,-2.806058438448519,2.5931486429981168,kmeans,3,2
2031,0.218244089840789,-0.7590025466985723,kmeans,3,2
2032,-2.0400025511403546,-2.796217106625946,kmeans,3,0
2033,0.8958337319239543,0.9788379901548859,kmeans,3,1
2034,-0.6420387732784706,0.9405122655902111,kmeans,3,2
2035,0.4641284219033248,0.8881332707938593,kmeans,3,1
2036,-0.9050411370247471,-2.677261565577556,kmeans,3,2
2037,0.7718700025820485,-0.206609447388456,kmeans,3,1
2038,0.7967217067019442,-1.2172406708846815,kmeans,3,1
2039,-3.197917021576937,-1.045401665499281,kmeans,3,2
2040,0.36666878384818263,-2.245119895884626,kmeans,3,2
2041,-0.9322451061822853,0.4268299330038397,kmeans,3,2
2042,1.1429804952326403,-0.23769653080958286,kmeans,3,1
2043,1.5054437784008206,0.4234651726037878,kmeans,3,1
2044,2.4917153485196026,-0.07582933846357842,kmeans,3,0
2045,-1.6969913721866763,0.5792832228920995,kmeans,3,2
2046,-1.7261608081727062,-1.874626399336366,kmeans,3,2
2047,-0.44160196836348176,1.2775163577464976,kmeans,3,0
2048,-1.4552043347987498,-2.6976874900775205,kmeans,3,2
2049,2.1707214938555546,0.7978055977597935,kmeans,3,1
2050,-0.33946808038604176,-0.9353665030290781,kmeans,3,2
2051,-0.6408591390462703,-0.49064115129427854,kmeans,3,2
2052,-1.074895779699524,1.4335221820679702,kmeans,3,2
2053,-0.08018147651747452,0.1506827776342682,kmeans,3,2
2054,1.3987178393013877,-0.7827098682702104,kmeans,3,0
2055,0.1740432443071429,-2.4196416807761545,kmeans,3,0
2056,-3.9427377093660776,-1.152934266851459,kmeans,3,2
2057,0.5215447693682325,-3.6359361237706795,kmeans,3,0
2058,0.1212753702619212,-0.012053005435311575,kmeans,3,0
2059,-1.804108575862175,2.7923566504752078,kmeans,3,2
2060,-2.7995330718748104,-0.21583391709288735,kmeans,3,2
2061,0.15418114716841932,-0.8824703564490058,kmeans,3,2
2062,0.8014312802472033,2.8108989959782584,kmeans,3,1
2063,-1.088525530352468,0.5525219810483862,kmeans,3,2
2064,-4.852780146070406,2.2885133517162615,kmeans,3,2
2065,-1.8585168976882052,1.901579216262736,kmeans,3,2
2066,0.4506132981304846,-2.0625012034902945,kmeans,3,2
2067,-1.736217238824879,0.6814034822065828,kmeans,3,2
2068,0.03029538580943204,1.5918316031725155,kmeans,3,2
2069,2.830191831616581,-1.1962754133225844,kmeans,3,1
2070,-0.40933294812286763,-0.30035553966979306,kmeans,3,2
2071,-0.06089387974058025,0.7191708155980951,kmeans,3,2
2072,-2.9771040631930967,2.554041631608697,kmeans,3,2
2073,-2.7286298725633404,0.3161746831006043,kmeans,3,2
2074,-0.42670757659832853,3.094298161968473,kmeans,3,2
2075,2.55640171543983,0.7977774498342994,kmeans,3,1
2076,-0.869453325855107,0.04723832085405159,kmeans,3,0
2077,-1.0952878968410513,0.8211332197857993,kmeans,3,2
2078,-0.5036980168669474,1.2473163755486905,kmeans,3,2
2079,0.12086941883833342,2.1401912603767266,kmeans,3,2
2080,0.3853000750233139,2.137514891010259,kmeans,3,2
2081,3.496857664884396,1.1894193649624882,kmeans,3,1
2082,-1.2567942129924716,2.2269872898907415,kmeans,3,2
2083,4.357933273750393,0.8572305446970021,kmeans,3,1
2084,-3.0892313262980804,-0.373872786409215,kmeans,3,2
2085,-0.8952921411782822,-3.3364254033579175,kmeans,3,0
2086,-2.334417124328157,1.7799040272319158,kmeans,3,2
2087,0.07963418676176615,1.7297951439452401,kmeans,3,2
2088,-1.76121239770505,0.2008593978591402,kmeans,3,2
2089,-0.10175239685690195,-0.05418600672666274,kmeans,3,2
2090,2.311611124933519,0.9707778924885162,kmeans,3,1
2091,0.45379379414404913,0.2628692269407451,kmeans,3,2
2092,-1.007031957825326,2.4198093619849486,kmeans,3,2
2093,-1.3350009166285564,1.4353896103532382,kmeans,3,2
2094,-1.0156965296759166,1.5471875629332281,kmeans,3,2
2095,0.7070177008598478,1.8761627110964991,kmeans,3,1
2096,-0.6999374650958742,2.111296281012949,kmeans,3,2
2097,-1.9210516051846132,1.167983321540237,kmeans,3,0
2098,-1.1556953058404684,0.07746457980271704,kmeans,3,2
2099,-1.0929120298377961,1.2055568392875313,kmeans,3,2
2100,0.5693574126341547,1.037582708019406,kmeans,3,2
2101,-2.252403308202646,-2.07727264276252,kmeans,3,2
2102,-0.3217245225577917,-1.9173888490563513,kmeans,3,2
2103,-1.831047322415858,-1.2272054570788176,kmeans,3,2
2104,1.3284270567665937,1.5323288965397162,kmeans,3,1
2105,1.1058571837027988,-0.7769390393391103,kmeans,3,1
2106,-2.9228074558747528,0.9813865029935698,kmeans,3,2
2107,-0.6294169046775293,-1.1775288961658725,kmeans,3,2
2108,-1.93086818561496,1.012691057654233,kmeans,3,2
2109,0.996169343096578,-6.063886718840398,kmeans,3,0
2110,1.765617519729045,0.410016614400155,kmeans,3,1
2111,-0.19587942070953537,-3.97798812572119,kmeans,3,0
2112,-2.91021632857095,-0.2998447195038693,kmeans,3,2
2113,3.6165917280637196,0.41902725297467863,kmeans,3,1
2114,-0.8716648572765163,-0.6171672849416415,kmeans,3,2
2115,-1.9532194012615618,0.5783810821150205,kmeans,3,2
2116,-1.1957975140590347,1.3359279096463947,kmeans,3,2
2117,3.459144777383223,1.4568206671752901,kmeans,3,1
2118,-2.2985008126509574,0.8750260484560544,kmeans,3,2
2119,1.667888878325974,-1.365304004410203,kmeans,3,0
2120,0.7621469291543507,0.5225886862894468,kmeans,3,1
2121,-1.6567138673230812,0.06497304271259813,kmeans,3,2
2122,0.29615252548226606,1.376886222313304,kmeans,3,2
2123,0.21178897149714054,0.6697465301653587,kmeans,3,2
2124,2.9225207057992533,0.3255445615043548,kmeans,3,1
2125,0.0913972913257512,-2.3884711558524043,kmeans,3,2
2126,-0.735331783864613,0.33704453631754316,kmeans,3,2
2127,-2.2345138953732335,0.2836325038863363,kmeans,3,2
2128,0.7693783623583305,0.10818107894187048,kmeans,3,1
2129,-1.514749904278555,0.9795794570858972,kmeans,3,2
2130,-1.7317230923902798,1.6712448035692171,kmeans,3,2
2131,-3.245261729974462,1.4812375515683367,kmeans,3,2
2132,-2.7977407026390892,0.3929510595880574,kmeans,3,2
2133,2.4732879991612435,1.12031751768164,kmeans,3,1
2134,-0.417701103779506,0.43372140978771795,kmeans,3,2
2135,-1.1303845218641657,0.45771003767610263,kmeans,3,2
2136,0.19586320168038523,-0.19724699181048982,kmeans,3,2
2137,3.776980352297657,-0.06290720806769813,kmeans,3,1
2138,1.2379347503432958,0.7583856006944963,kmeans,3,1
2139,-3.5422186683906354,1.0926568652616102,kmeans,3,0
2140,-1.1260349843622968,0.26465364071452446,kmeans,3,0
2141,-1.3696420490231627,0.7330651420890202,kmeans,3,2
2142,1.4228253784170164,-0.21073781131176156,kmeans,3,1
2143,-1.6471121194243648,1.1519108768370714,kmeans,3,2
2144,1.8293472643191164,-0.7385905818063091,kmeans,3,1
2145,-1.0668201875976837,1.043892978616049,kmeans,3,0
2146,-1.8697040163010332,0.8266435119509997,kmeans,3,2
2147,-0.5528759644386203,-0.47127006399905014,kmeans,3,2
2148,-1.2319269157084227,-0.1802159364745872,kmeans,3,2
2149,-1.6639735127936497,0.5891490708121759,kmeans,3,2
2150,-1.2373651708114224,-0.7258638010858565,kmeans,3,2
2151,-4.096300414742573,0.974344875756283,kmeans,3,2
2152,-0.7805318096469932,-0.7561420902873204,kmeans,3,2
2153,4.871932577143846,0.6132764496682482,kmeans,3,1
2154,-1.3371686280268176,-1.3334437503585101,kmeans,3,2
2155,-1.3517794045608968,-1.4343740821386344,kmeans,3,0
2156,-2.04860296427592,-0.7895285518958645,kmeans,3,0
2157,0.5542540237183541,-2.185169345082734,kmeans,3,0
2158,1.7921064858705387,1.3946873411870848,kmeans,3,1
2159,5.0697634060633945,-1.4799564363272082,kmeans,3,1
2160,1.4562128321553378,1.5161307034517995,kmeans,3,1
2161,4.143904579746842,-3.565546472264066,kmeans,3,1
2162,0.35284488120440294,0.715427144167334,kmeans,3,2
2163,1.8668160883260916,-1.7505382639561637,kmeans,3,0
2164,0.32989041047922774,-0.38136208189062754,kmeans,3,2
2165,2.260544137220135,2.097617363251337,kmeans,3,1
2166,0.52706897133652,2.4544285521260862,kmeans,3,2
2167,1.8070279106133302,-2.51660401133312,kmeans,3,0
2168,-0.9003433023388627,-4.120102264343155,kmeans,3,0
2169,-1.0516189341397062,-0.06783252212801345,kmeans,3,0
2170,5.048999943416346,2.207685375098084,kmeans,3,1
2171,4.544251701799782,1.0049121241798604,kmeans,3,1
2172,-2.4728962462402695,1.5776793303735654,kmeans,3,2
2173,-2.8941542804293405,-0.5710709315020327,kmeans,3,2
2174,-0.5973818086050966,0.8155778586095993,kmeans,3,2
2175,-0.9344346257192955,2.176454768875218,kmeans,3,2
2176,2.301553731965033,-1.2469641086676981,kmeans,3,1
2177,-1.8075684564369279,-1.0670677525482228,kmeans,3,2
2178,5.52582472501293,-1.2037624448809714,kmeans,3,1
2179,0.9707500008008536,1.8821959669227435,kmeans,3,1
2180,-2.7767190519240748,0.6925662504118847,kmeans,3,2
2181,1.2518918505682632,0.29015129744762264,kmeans,3,1
2182,4.233439645488509,-0.30093413532589114,kmeans,3,1
2183,1.59473743108468,1.994516010275762,kmeans,3,1
2184,3.1539046406487197,0.7457473862574291,kmeans,3,1
2185,1.6022412898397234,0.2669814790030833,kmeans,3,1
2186,-2.638581892667015,1.029365348112961,kmeans,3,2
2187,-2.8069607711867492,-0.7580930306033021,kmeans,3,2
2188,-0.1921911416706042,-1.3688297170019694,kmeans,3,2
2189,-1.7434692068290822,2.0562370146054634,kmeans,3,2
2190,0.19526840393692277,2.146264731453715,kmeans,3,2
2191,-1.331564164862268,1.658504536299249,kmeans,3,2
2192,-2.2998907459578857,0.5604022939183215,kmeans,3,2
2193,-1.3422441831748697,-0.9633940057998874,kmeans,3,2
2194,5.188577957467706,1.6983046653891511,kmeans,3,1
2195,-0.8855339702928587,1.35740859026179,kmeans,3,2
2196,0.40664477131906457,-1.2823900746698174,kmeans,3,2
2197,-1.3493503342402227,0.6592605956820328,kmeans,3,2
2198,-0.6275384650460376,-0.35782093184367225,kmeans,3,2
2199,-0.4541287818895507,-1.4985434132615103,kmeans,3,2
2200,6.224403264779428,0.6368592263606867,kmeans,3,1
2201,6.847671206542534,-0.753031707651178,kmeans,3,1
2202,-3.6629424819099836,1.687724287095153,kmeans,3,2
2203,0.34376685018265374,2.198644178093246,kmeans,3,2
2204,-1.4380428267453575,-0.8860880746061106,kmeans,3,2
2205,2.088482928533084,1.838547715758802,kmeans,3,1
2206,-2.724106554350361,-0.3333704534027674,kmeans,3,2
2207,0.6122291212723847,-0.8140641234891001,kmeans,3,2
2208,-0.5415344374096487,1.7509025135603953,kmeans,3,2
2209,0.8602853772720308,0.49743264735527315,kmeans,3,1
2210,-1.8955508265093421,-0.504072994765857,kmeans,3,2
2211,2.2177744844736504,-0.6328723678522404,kmeans,3,0
2212,-1.6900079745027572,-0.1590000910960181,kmeans,3,2
2213,-0.37790287719350524,0.332824315726887,kmeans,3,2
2214,-1.4438433828579627,0.19207958340815046,kmeans,3,0
2215,1.5700402511420124,0.15818377410228462,kmeans,3,1
2216,0.9888406246008783,2.6086269026838362,kmeans,3,1
2217,-1.5143752220860967,0.6059449978408955,kmeans,3,2
2218,2.1475779387752585,-0.36482501562729486,kmeans,3,1
2219,2.3182660497757386,-0.9932280060522005,kmeans,3,1
2220,-0.9412149229081863,1.4329888795581585,kmeans,3,2
2221,-0.9173583960562166,0.1818597967783707,kmeans,3,2
2222,0.005716760520679148,-0.2375267064232877,kmeans,3,2
2223,-0.9295987527495332,-1.4408915055902243,kmeans,3,2
2224,-1.587788458812547,0.6918996015101171,kmeans,3,2
2225,-2.5565411463789838,2.247007988595962,kmeans,3,2
2226,-0.5222636293358018,0.20820118048523703,kmeans,3,2
2227,0.5307949300063571,-0.17600876495807774,kmeans,3,2
2228,-0.29793881615300366,-0.2045351413033361,kmeans,3,0
2229,0.16511926963326026,1.059449329980175,kmeans,3,0
2230,4.344585609223854,0.5654145122346419,kmeans,3,1
2231,-2.0259406078822315,-0.18147958960777705,kmeans,3,2
2232,-1.6999643242415798,-1.6682427134951128,kmeans,3,2
2233,-1.5978568145655492,-1.7483644618593193,kmeans,3,2
2234,1.1230762934637184,1.627522796733319,kmeans,3,1
2235,2.31843203120892,-0.9547927668666051,kmeans,3,1
2236,0.3838796522717663,-0.18877830376694238,kmeans,3,2
2237,0.30615725009407735,0.13871992956984702,kmeans,3,2
2238,-1.6345404290172962,-1.1283466547077563,kmeans,3,0
2239,3.513658649583005,1.839319442389649,kmeans,3,1
2240,-0.6425510463917123,-1.2167384761503772,kmeans,3,2
2241,-1.5201378392789697,1.6626426624384694,kmeans,3,2
2242,-2.2323120627467894,0.06922173486530245,kmeans,3,2
2243,-0.767559410375978,-0.15761230187094455,kmeans,3,2
2244,1.2792984013644764,-1.5574810505825292,kmeans,3,1
2245,0.5940528832171431,0.10276626229995865,kmeans,3,2
2246,5.233293071306204,-0.6673882965372151,kmeans,3,1
2247,-0.48822525196019995,-2.0463308898128885,kmeans,3,2
2248,-0.7881658316879877,-1.7580002431836428,kmeans,3,0
2249,-0.20159936447944501,0.361130096787111,kmeans,3,2
2250,-2.815206256170426,-0.9839077919893117,kmeans,3,2
2251,-1.8876295361310282,-2.3647681042757633,kmeans,3,0
2252,3.8673053715311925,-1.6363340131485562,kmeans,3,1
2253,0.8937368243324374,-0.7796907170229568,kmeans,3,1
2254,-0.6818385257773796,0.18347704074538307,kmeans,3,2
2255,0.3541472644522495,0.9418722770438311,kmeans,3,2
2256,1.8693186315155832,2.6594538596300774,kmeans,3,1
2257,-3.0655311800735854,-1.0790885393828828,kmeans,3,2
2258,1.0256665706856858,2.952559276417059,kmeans,3,1
2259,4.16463558069397,-0.23121162507795212,kmeans,3,1
2260,2.2884644271243366,1.1770657169420067,kmeans,3,1
2261,0.11907987866863634,0.5246553858059401,kmeans,3,2
2262,-1.6531316439945731,-1.8400474432161036,kmeans,3,2
2263,-0.76521494731087,-2.145987894018533,kmeans,3,2
2264,1.0399022418411652,-1.4341393395175148,kmeans,3,0
2265,-2.3337019375275094,0.6341228634238132,kmeans,3,0
2266,-0.2656224775819335,0.5889135793902608,kmeans,3,2
2267,0.31141386152613426,-1.9538884897680484,kmeans,3,2
2268,0.7481699062654277,1.3871137396400344,kmeans,3,1
2269,0.8871747406796168,-1.4592791416704387,kmeans,3,1
2270,-1.7384777316202615,-1.8526279026379884,kmeans,3,2
2271,2.995374946092155,-2.052359306323608,kmeans,3,1
2272,-1.5991197906793468,-1.7146530045197228,kmeans,3,2
2273,-0.15315331743537042,0.1653061145454755,kmeans,3,0
2274,0.8826909855314627,1.334007349917216,kmeans,3,1
2275,-0.9316752664932412,2.017607343723304,kmeans,3,2
2276,-9.525486054808033,-3.0124466202466067,kmeans,3,2
2277,-0.18325786201711403,-0.5671465145493332,kmeans,3,2
2278,0.4255552073572076,3.4895433989462794,kmeans,3,2
2279,2.6647469332437024,-0.5318083475572164,kmeans,3,1
2280,-2.146001354348546,0.19885793031945045,kmeans,3,2
2281,0.06780671428837405,0.7065903120988231,kmeans,3,2
2282,-1.0201632148577782,-1.1487534974063895,kmeans,3,2
2283,5.088715580693723,1.0737092261238108,kmeans,3,1
2284,-0.2612261491219935,-1.8017708278326774,kmeans,3,2
2285,0.5638013386051037,1.7509650403677792,kmeans,3,1
2286,-1.600170548940191,-1.185406368771504,kmeans,3,2
2287,-2.2304939840939166,0.5560210165804272,kmeans,3,2
2288,2.3698339764113197,-0.40562271758984964,kmeans,3,1
2289,-1.8051847831770556,-0.8669747273202358,kmeans,3,2
2290,-0.10399423615090567,-1.072913487689481,kmeans,3,2
2291,-0.3148459734837037,-0.25932759329415406,kmeans,3,2
2292,-1.6373811885478637,1.19992661732575,kmeans,3,2
2293,-0.0013469885239143914,0.2658403622128698,kmeans,3,2
2294,1.199761688162076,-1.059325175643718,kmeans,3,1
2295,2.746691910285038,0.2893182248329241,kmeans,3,1
2296,-2.6168692567441405,0.6731129815565711,kmeans,3,2
2297,1.215917254687411,1.1956913075222728,kmeans,3,1
2298,-2.4333107480752774,-0.308174648960166,kmeans,3,2
2299,-1.902523786898971,1.1846964339368984,kmeans,3,2
2300,1.2599185044300254,-0.2953984108469962,kmeans,3,1
2301,-0.6747938217250897,0.4418636570287267,kmeans,3,2
2302,-1.8272574763223894,-0.5033774750819543,kmeans,3,2
2303,0.34316218308114166,0.38121194704817296,kmeans,3,2
2304,-1.9609838897355947,1.1067947673098162,kmeans,3,2
2305,3.4103829308654143,-1.7559005925093745,kmeans,3,0
2306,1.042196637516755,-0.1934528238587341,kmeans,3,1
2307,0.021161580700592233,-0.19798001612528487,kmeans,3,2
2308,4.097002538648397,0.12702464706239666,kmeans,3,1
2309,-1.9521321788641033,-1.3392002307121857,kmeans,3,2
2310,-1.1142065779683412,-1.0638722307332176,kmeans,3,2
2311,-2.3931811313192086,0.8124807079253746,kmeans,3,2
2312,-3.3434978431569795,0.8442623575380167,kmeans,3,2
2313,-0.3954011140570104,-2.434021210735506,kmeans,3,0
2314,4.398627490842712,1.8374925929198993,kmeans,3,1
2315,3.636967527287376,-0.2580222046312828,kmeans,3,1
2316,1.1618904467566613,0.3856792653452211,kmeans,3,1
2317,-1.5450332415135453,1.7409764699389758,kmeans,3,2
2318,-3.10283562414927,0.15730731839892662,kmeans,3,2
2319,-1.1492569848276832,-0.5249180629256698,kmeans,3,2
2320,-1.910310979806683,0.4185801016912529,kmeans,3,2
2321,-0.010151478988938594,-0.1961631394820768,kmeans,3,2
2322,-2.5805139572365636,0.7440693252752184,kmeans,3,2
2323,-1.397164142005861,0.6890658732538195,kmeans,3,2
2324,3.601704328826034,1.161549844853815,kmeans,3,1
2325,-0.14163008441396716,-1.0497656788705114,kmeans,3,2
2326,-1.7188053446190747,0.15281566718233103,kmeans,3,2
2327,0.3131987472611997,-1.3232077727909684,kmeans,3,2
2328,-4.177326490711724,0.2960391560373076,kmeans,3,2
2329,0.1263789357606803,0.8019547024033075,kmeans,3,2
2330,3.8748660992790116,-0.9735422453053741,kmeans,3,1
2331,2.897866869917514,-1.2018913421016117,kmeans,3,0
2332,-0.4255177915288531,-3.9612881732772784,kmeans,3,0
2333,1.2099177897590432,-2.761905039460568,kmeans,3,1
2334,-0.840048030399644,0.43479170039953746,kmeans,3,2
2335,-3.0811911407236865,0.39272901519412684,kmeans,3,2
2336,1.0946334461686555,0.9776236311170164,kmeans,3,1
2337,-0.38587776768975274,-1.6470198600864572,kmeans,3,0
2338,0.47086952806553184,-6.269040280602943,kmeans,3,0
2339,-0.7508457818349221,0.38211969522100186,kmeans,3,2
2340,1.307575232946308,-1.3008322283263019,kmeans,3,0
2341,0.05984662157929813,0.8403036004878824,kmeans,3,2
2342,1.4542629376104996,1.4493388067859858,kmeans,3,0
2343,0.16073438899513492,-0.7494564750094611,kmeans,3,2
2344,-1.1250930971816302,1.6784107627818228,kmeans,3,2
2345,3.581344067658547,-0.1251595213625944,kmeans,3,1
2346,-2.4535303620981987,-0.559621819285416,kmeans,3,2
2347,0.5500536701193653,0.19015393743934653,kmeans,3,2
2348,-1.2552288352194587,-0.5236874160031376,kmeans,3,2
2349,-1.9865480198254302,1.5789892156080139,kmeans,3,2
2350,0.2895486079152666,-0.52456316571176,kmeans,3,2
2351,4.186636100489343,0.5891566270193379,kmeans,3,1
2352,1.202562411238121,1.109268194124221,kmeans,3,1
2353,3.237045581874586,-2.1320205636602667,kmeans,3,1
2354,1.976952057167794,-5.049155623928047,kmeans,3,0
2355,-1.608011563000736,2.862538644369784,kmeans,3,2
2356,-0.8193965524908021,-0.08061094945441019,kmeans,3,2
2357,-0.6857497334482948,-0.7544078563630254,kmeans,3,2
2358,0.7823013813180862,0.8897078503374202,kmeans,3,1
2359,-0.5514007634004734,-0.12440558885253954,kmeans,3,2
2360,-2.2464174868570543,0.9751186415620926,kmeans,3,2
2361,0.11316092806600087,-2.0764051865351356,kmeans,3,2
2362,4.580397314396049,1.4837406223344658,kmeans,3,1
2363,1.0145922754347705,-0.6595348468432345,kmeans,3,1
2364,-2.159616254984103,0.6134113458901153,kmeans,3,2
2365,3.777706939876498,-2.313065178765257,kmeans,3,1
2366,-2.521634902944977,-0.9161528899581965,kmeans,3,2
2367,-1.0193790111329453,2.4529561501432067,kmeans,3,2
2368,-1.6104739570538604,1.3146683184385157,kmeans,3,2
2369,-2.8742551135667314,2.342056056870947,kmeans,3,2
2370,-2.2217948515789017,-1.808456282659388,kmeans,3,0
2371,1.3103986608682812,1.2399217998753973,kmeans,3,1
2372,0.46923609369860014,0.8356306045148638,kmeans,3,2
2373,-1.2329340500203467,-1.5810729299263817,kmeans,3,2
2374,-0.17102321779286372,0.36110501319790916,kmeans,3,2
2375,3.441907489464543,0.8610336650250532,kmeans,3,1
2376,1.2735021662506507,2.383130544488414,kmeans,3,1
2377,-1.2418768942863365,0.617635209812163,kmeans,3,2
2378,-0.8299817302753123,0.8855972293521622,kmeans,3,2
2379,3.210418332305918,0.33231758258308525,kmeans,3,1
2380,0.6416410121092966,0.5585915843114401,kmeans,3,1
2381,-2.5015725505564284,3.3669383330392746,kmeans,3,2
2382,1.5175677065339463,-1.5565640684329196,kmeans,3,1
2383,-0.4623956914542446,1.3556256072541484,kmeans,3,2
2384,1.071824374932375,-2.244135348479642,kmeans,3,0
2385,0.5359165343667242,0.2686466217546848,kmeans,3,2
2386,-1.7343456083545403,-1.0976645917698686,kmeans,3,2
2387,-0.7735106810897019,1.5996211585051803,kmeans,3,2
2388,4.001435241783429,0.79640398454786,kmeans,3,1
2389,6.555201347211516,0.3602677206277618,kmeans,3,1
2390,-4.5214855745741325,1.4096457308378003,kmeans,3,2
2391,1.7652079838063737,-0.6390455569396866,kmeans,3,1
2392,0.6658644562477499,1.8271918442253385,kmeans,3,1
2393,-1.0277304720519476,-1.8243370580218927,kmeans,3,2
2394,0.5101718998357334,-1.7252527954509194,kmeans,3,2
2395,-0.15617524749590173,-5.3410301580118515,kmeans,3,0
2396,-0.4902945878208559,-1.7946168461193004,kmeans,3,2
2397,1.0428873172832855,-0.6936700870383622,kmeans,3,1
2398,0.10074742050238325,-3.530178809898964,kmeans,3,0
2399,2.5122632512041583,-0.5131823317103885,kmeans,3,1
2400,-0.9985152699237425,-4.032704230931651,kmeans,3,0
2401,-1.18158412905922,1.0505623466434948,kmeans,3,2
2402,-3.5160770279427216,0.23143819478334599,kmeans,3,2
2403,2.727611653084993,-0.6012969830023707,kmeans,3,1
2404,0.8172765194307966,-1.7260545137900414,kmeans,3,1
2405,1.106417366232739,-2.1102356958388477,kmeans,3,1
2406,-2.8119267139633664,-0.3265527051640755,kmeans,3,2
2407,-0.009628551250825476,3.0364484819034443,kmeans,3,2
2408,1.2103016812276703,-0.1533890322761503,kmeans,3,1
2409,-2.585988911903115,1.1656413731507045,kmeans,3,2
2410,-0.8710833087090916,-0.5771230547179572,kmeans,3,2
2411,-1.8763455872327708,1.4357544910872964,kmeans,3,2
2412,-2.2322547115829527,0.9835098138071444,kmeans,3,2
2413,-2.3712279469904374,1.0571971216191696,kmeans,3,2
2414,-0.5047687643963639,-0.17658962646146745,kmeans,3,2
2415,-0.4695123244710121,-0.777048141574186,kmeans,3,2
2416,1.9933971853594559,-0.3655054748939962,kmeans,3,1
2417,-2.6660272728338033,-1.625670993765108,kmeans,3,2
2418,-0.698224689147903,-0.5466277020921523,kmeans,3,2
2419,-2.419997548151377,1.9890501578360646,kmeans,3,2
2420,-1.0602895038240037,0.8858178220546566,kmeans,3,2
2421,-0.5452226755343028,-1.2127957278396655,kmeans,3,2
2422,2.981176837760705,0.15856004829669185,kmeans,3,1
2423,3.506383219409093,1.703218935511485,kmeans,3,1
2424,-2.415901619487121,2.115768227706494,kmeans,3,2
2425,0.1917303055899187,-2.489337815829409,kmeans,3,2
2426,0.03667720495043649,-0.0774218376988968,kmeans,3,2
2427,-0.8778518334220635,-0.5090475308316912,kmeans,3,2
2428,-1.7982743469457698,-0.5875052443725116,kmeans,3,2
2429,-0.5557828360063813,0.03537098286796471,kmeans,3,2
2430,-0.18577248978061126,-1.3758356235696858,kmeans,3,2
2431,-0.015229901389692381,0.9514661146239161,kmeans,3,2
2432,1.526505101184875,-0.6505972159498058,kmeans,3,1
2433,-1.3584916663432192,1.0873523556726736,kmeans,3,2
2434,3.8071794139028197,-1.4033138578552995,kmeans,3,1
2435,2.3571025998876762,1.5711699217834756,kmeans,3,1
2436,2.642503916707084,-0.008337081256524725,kmeans,3,1
2437,0.9152735807672879,-2.9110309004817365,kmeans,3,0
2438,0.11875872093411541,-3.2339466451819368,kmeans,3,0
2439,1.5666909248844128,-0.611155955960918,kmeans,3,0
2440,3.342901982871971,-0.9200959327656738,kmeans,3,1
2441,-1.2495965720500941,0.6070826614180973,kmeans,3,2
2442,0.03297661852880418,-0.9288204388575076,kmeans,3,0
2443,4.93260197458942,-0.5776681867541211,kmeans,3,1
2444,-0.11855116079780911,0.9147838615417216,kmeans,3,2
2445,-0.7145271791208505,-0.8418737578830534,kmeans,3,2
2446,0.00688688161740697,1.7909621939273754,kmeans,3,2
2447,-3.9491667321571047,-1.9460727476643107,kmeans,3,0
2448,1.7671520596782533,0.45285952877851265,kmeans,3,1
2449,2.0750671510967478,0.28419692329829177,kmeans,3,1
2450,-2.0961072223912876,0.05413988160524728,kmeans,3,2
2451,-2.6113736420069893,2.723063607617022,kmeans,3,2
2452,-1.4436266609911532,0.3910532987259572,kmeans,3,2
2453,-2.272784036645225,1.4480526358401415,kmeans,3,2
2454,-2.3531820566056654,1.2598426753396657,kmeans,3,2
2455,0.9805525459046882,0.33963234761827393,kmeans,3,1
2456,0.016880822710992643,0.24212208452548267,kmeans,3,2
2457,0.43927187038975946,-1.0350416954213946,kmeans,3,0
2458,-3.036104452037025,0.379680855873951,kmeans,3,2
2459,1.5373574022637477,0.4463962687536059,kmeans,3,1
2460,4.126975806746212,-3.1912191499251943,kmeans,3,1
2461,-2.9226534832552935,0.023000953680590398,kmeans,3,2
2462,-0.6807549655418808,-1.0862257187574726,kmeans,3,2
2463,1.548225407949508,-1.6135179758625164,kmeans,3,0
2464,-1.974970932945215,0.889570984020602,kmeans,3,2
2465,-1.117356223253876,-0.27139772303903625,kmeans,3,2
2466,0.39187674030480335,1.7959886456133924,kmeans,3,2
2467,-0.12663871021473938,2.870725195109054,kmeans,3,2
2468,0.3970168001064171,2.167251825466184,kmeans,3,2
2469,-1.3272360827711112,2.215720688621258,kmeans,3,2
2470,-1.9982786498455474,-1.7075393768008564,kmeans,3,2
2471,-1.1257121348664159,-0.9111543685897474,kmeans,3,2
2472,-0.24360835884747087,1.3231043858275706,kmeans,3,2
2473,-1.0198760859278846,-0.8936316921968184,kmeans,3,2
2474,0.1690668076485045,0.20341135004140096,kmeans,3,2
2475,0.9932866026248954,1.7524736505651555,kmeans,3,1
2476,5.204721468501011,-3.31017237194369,kmeans,3,1
2477,2.3287112077291683,-1.0514126525938086,kmeans,3,1
2478,1.3945577747561813,-0.012298851732347172,kmeans,3,1
2479,0.5159518482482203,1.2294117418680877,kmeans,3,0
2480,-1.8927734408232517,-1.0810784525097745,kmeans,3,2
2481,-0.6814563568406565,0.8632790026133519,kmeans,3,0
2482,2.3037468459439956,3.118309077016151,kmeans,3,1
2483,3.9522503005025036,-0.4008511546328986,kmeans,3,1
2484,-3.3786519909604253,0.03601803787194454,kmeans,3,2
2485,-1.4268549532430028,0.48142515570650324,kmeans,3,2
2486,1.9382287447824869,0.4042010055681003,kmeans,3,1
2487,0.406071445603233,1.7415656500803558,kmeans,3,2
2488,-3.6067472846996553,-0.6335416875102634,kmeans,3,2
2489,3.6456367739939086,0.7218370932309066,kmeans,3,1
2490,2.0301460295491656,0.7422018487375965,kmeans,3,1
2491,-2.988506471882406,0.22383006902005362,kmeans,3,2
2492,1.4824594978063559,0.028668720187270475,kmeans,3,1
2493,-0.8813932876445572,-2.109592597097408,kmeans,3,2
2494,-0.6599449281504591,-0.7457510312292066,kmeans,3,0
2495,0.11453656222906379,2.3483925967193917,kmeans,3,2
2496,0.7351797122410677,-7.162409365111369,kmeans,3,0
2497,-0.19343404196369599,-2.0608418858924566,kmeans,3,2
2498,1.446391390936586,1.0699663292102097,kmeans,3,1
2499,2.008171245210692,-1.702022909170236,kmeans,3,1
2500,3.8590642387378997,-0.09065173753297164,kmeans,3,1
2501,-1.3142570551078119,2.2675782046733355,kmeans,3,2
2502,4.611598557150991,-1.8455665088699618,kmeans,3,1
2503,-0.7321788961676328,0.7078334648700431,kmeans,3,2
2504,3.5249044134187684,-0.516788176013463,kmeans,3,1
2505,-1.8053840464131035,1.9674056585493613,kmeans,3,2
2506,1.4962457652342174,0.26379936078606026,kmeans,3,1
2507,1.365226525254916,2.560004821862894,kmeans,3,1
2508,1.1433031990146432,-3.8731319841892486,kmeans,3,0
2509,2.46172411246625,-0.754228591060806,kmeans,3,1
2510,1.3872741634371888,-0.15130988275671511,kmeans,3,1
2511,0.05487054019281608,0.6846951109989258,kmeans,3,2
2512,-2.554204867818851,1.1372867636223751,kmeans,3,2
2513,-2.139096589155443,-0.33662093973138385,kmeans,3,2
2514,-1.321397771877622,-1.7250540823550602,kmeans,3,2
2515,0.31781809592140337,1.1181170011536221,kmeans,3,2
2516,2.825558846820272,0.032314959357640075,kmeans,3,1
2517,-0.5018570036173815,1.4986914020097235,kmeans,3,2
2518,-0.8980347128665052,0.2870913248034504,kmeans,3,2
2519,-1.2838290374330976,-0.972374632488574,kmeans,3,2
2520,2.1893761111778245,0.02667669557281793,kmeans,3,1
2521,1.3287785240397854,0.7383866145401652,kmeans,3,1
2522,1.2516740756237503,1.5341181239911796,kmeans,3,1
2523,-3.5067201518498816,-1.378504946842477,kmeans,3,2
2524,-0.1646682159002725,1.6415918343951956,kmeans,3,2
2525,-0.6773029911269953,-0.892659554111657,kmeans,3,2
2526,-0.6658772327691349,1.5060127987379874,kmeans,3,2
2527,1.5778469161297781,1.408850362534864,kmeans,3,1
2528,-0.08315274387532533,-0.9598964336938276,kmeans,3,2
2529,3.263070429346908,-1.185969867689764,kmeans,3,1
2530,0.5108630557482304,-0.9330825109736266,kmeans,3,2
2531,-0.39261866745622254,0.4364001617648485,kmeans,3,2
2532,-0.4057858662307825,-0.8794116996642906,kmeans,3,2
2533,0.6337008944776443,-6.05276426068926,kmeans,3,0
2534,-0.7766702660394241,-0.8830568314629226,kmeans,3,2
2535,2.4777201886091285,2.1299578175109932,kmeans,3,1
2536,-2.215244547262288,0.5771995683072845,kmeans,3,2
2537,-0.2144531088452212,0.8199337940186969,kmeans,3,2
2538,1.5589550591825552,1.1204927522792372,kmeans,3,1
2539,1.7097110914035596,-2.136486525794427,kmeans,3,1
2540,0.7391331586736154,-1.9194502910327882,kmeans,3,0
2541,2.7459722417339147,-0.008396719259080854,kmeans,3,1
2542,-0.2646381774423413,0.46890752267211067,kmeans,3,2
2543,-2.0338262154640847,2.125913856638769,kmeans,3,2
2544,1.4980838437165742,-0.4678972099874474,kmeans,3,1
2545,0.12643744550448194,1.3377644574780827,kmeans,3,2
2546,0.18020518775824954,0.971639000608458,kmeans,3,2
2547,-2.045082544486365,-1.195018954651808,kmeans,3,2
2548,0.21697878651479974,1.0728426052848499,kmeans,3,2
2549,0.5200268104748165,0.9031342877180134,kmeans,3,2
2550,-1.5475353042207831,-1.310762863795319,kmeans,3,2
2551,-2.3958917941329942,-0.8842659319539405,kmeans,3,2
2552,3.0321523620858266,-0.3904453838649947,kmeans,3,1
2553,0.9053695109540214,-0.20813346235179914,kmeans,3,1
2554,-0.7646445066845332,0.8367530684503431,kmeans,3,2
2555,1.5981090706008145,-0.14633940140012408,kmeans,3,1
2556,2.9346117036820867,1.2673648576892957,kmeans,3,1
2557,2.3747251305028567,1.1279773165860403,kmeans,3,1
2558,-1.9558059345749497,1.0536486440266981,kmeans,3,2
2559,3.5253765718065653,-1.1938980224632536,kmeans,3,1
2560,6.304113531892788,-0.9991469767097995,kmeans,3,1
2561,-2.2359853199531146,2.463875839370932,kmeans,3,2
2562,-1.508136574692367,0.00943816649520011,kmeans,3,2
2563,-2.185616517717689,-0.09113296337552704,kmeans,3,2
2564,-0.5933047086396738,0.22839463466101134,kmeans,3,2
2565,4.300365227354491,1.4530643853015448,kmeans,3,1
2566,-2.966641930491779,0.1438920389474888,kmeans,3,2
2567,1.9695807993782324,0.7940216683317561,kmeans,3,1
2568,1.1100063970182907,-4.068687641626749,kmeans,3,0
2569,2.5876301924076657,0.7884541050958496,kmeans,3,1
2570,0.0053104645991818335,-1.401960033621783,kmeans,3,2
2571,0.7030321631024674,-1.3677034280601474,kmeans,3,2
2572,1.4984906692048172,1.0731278551115189,kmeans,3,1
2573,0.6186084345555866,-7.0017508699341,kmeans,3,0
2574,-1.8675888333249713,0.20232315821323996,kmeans,3,2
2575,0.7412360382410685,-0.09425679472257742,kmeans,3,1
2576,1.7784785649939778,-0.3141760028258368,kmeans,3,1
2577,-0.9674195209122081,0.3843709791141775,kmeans,3,2
2578,0.3654393743528831,3.589097042655147,kmeans,3,2
2579,-0.5760932180949763,1.2775748639060922,kmeans,3,2
2580,-1.9922779517827125,1.022578522745186,kmeans,3,2
2581,-0.2712098044812289,0.9887843777391129,kmeans,3,2
2582,-1.4938739146593356,0.5688922075920388,kmeans,3,2
2583,0.10386539327856795,-2.492792418402631,kmeans,3,2
2584,-1.1315384489524034,-1.4444069000898085,kmeans,3,2
2585,-0.7753777005917424,1.030084989382458,kmeans,3,2
2586,-0.6233886379758155,-0.8300470973697003,kmeans,3,2
2587,-1.3266627684446093,3.1549620808377696,kmeans,3,2
2588,0.6182274800287987,2.5570426613974795,kmeans,3,1
2589,1.9887453585062171,-0.3767579496052625,kmeans,3,1
2590,-0.43503789653204816,2.57962312150035,kmeans,3,2
2591,2.3036242056178375,0.48438232791242825,kmeans,3,1
2592,0.13475862639350544,0.2182645334656674,kmeans,3,2
2593,0.9879856975812848,1.5111727599419424,kmeans,3,1
2594,-0.4846989397672596,-5.606150474257433,kmeans,3,0
2595,0.4144194329294099,-0.26123725941297377,kmeans,3,2
2596,-2.481893073171551,-1.1898982732901702,kmeans,3,2
2597,-0.4118498636017676,-1.0247442318090756,kmeans,3,0
2598,0.19279750248207517,-0.03000812751152533,kmeans,3,0
2599,4.225437999198498,-1.0796048991166722,kmeans,3,1
2600,0.6081689633533394,1.3823689000939643,kmeans,3,2
2601,0.8248274114553472,-0.0021729106559654856,kmeans,3,1
2602,1.2169326953307116,-0.6361371808391147,kmeans,3,1
2603,2.1977561084901938,-0.02002103560846234,kmeans,3,1
2604,-0.14477144753527726,1.8948458482394406,kmeans,3,2
2605,-2.0926490379999465,-1.4272772005386427,kmeans,3,0
2606,-1.1611160177434927,0.0535481168372364,kmeans,3,2
2607,-1.0570524046284862,0.763280653307261,kmeans,3,2
2608,-2.325748733151023,1.8024458942816826,kmeans,3,2
2609,-1.9905453626995382,-1.041437783975877,kmeans,3,2
2610,-1.878670812227993,-0.4305843252232206,kmeans,3,2
2611,0.0690916265451803,-0.2156512446514294,kmeans,3,2
2612,-0.5879885520590824,1.5121828690322512,kmeans,3,2
2613,4.603285654280603,1.23557176993943,kmeans,3,1
2614,0.040929898624960784,1.2986098945564062,kmeans,3,2
2615,-0.24017776307597694,-0.43477542968379884,kmeans,3,2
2616,1.3837915532692533,0.6039040573230943,kmeans,3,1
2617,-0.08952526859766077,-1.260806609965522,kmeans,3,2
2618,-1.9869970495569182,-0.3467372899834794,kmeans,3,2
2619,-3.081501373463254,-0.12510051665717686,kmeans,3,2
2620,-0.27497091350418995,0.28955183340523594,kmeans,3,2
2621,-3.502037082636375,0.6670106172863128,kmeans,3,2
2622,-0.4499844048663275,0.17356112552087724,kmeans,3,2
2623,1.9399430120546712,2.0390201476214544,kmeans,3,1
2624,1.273983190815321,1.6084305382495099,kmeans,3,1
2625,-0.27076648225220923,1.1725255703966715,kmeans,3,2
2626,-1.5121355969144112,-0.14248305343222792,kmeans,3,2
2627,-1.2375975181602488,0.2781084342974527,kmeans,3,2
2628,0.08389358695114292,1.7176659661409128,kmeans,3,2
2629,-1.599018728366554,-1.369886025483373,kmeans,3,0
2630,-0.8508174773742744,1.5137114384446098,kmeans,3,2
2631,1.562797444510577,-1.955953125003472,kmeans,3,0
2632,0.8927976302950669,2.9939656339864666,kmeans,3,1
2633,-2.0626184086263573,0.20229212370647953,kmeans,3,2
2634,1.0548544520418097,2.259566190480514,kmeans,3,1
2635,-0.1060502241171774,1.7916696466479944,kmeans,3,2
2636,0.9981883368712122,1.836547980814385,kmeans,3,1
2637,-0.6597117274827207,1.3113755374180553,kmeans,3,2
2638,-2.1983045278961693,1.4175058133033198,kmeans,3,2
2639,2.3555633031895993,0.36994329300922013,kmeans,3,1
2640,-2.5942253162661584,-0.6393299585797825,kmeans,3,2
2641,3.987253847340502,-0.4042135563183982,kmeans,3,1
2642,-0.5218806918357627,2.163747271326326,kmeans,3,2
2643,-1.2283530640354996,-0.18044205108218309,kmeans,3,0
2644,-4.950317627379476,-0.17182371080913994,kmeans,3,2
2645,-0.14489250887423155,-1.4749080980304785,kmeans,3,2
2646,4.963686574325178,-1.4357089713522695,kmeans,3,1
2647,-0.9321026861049098,-1.588700630491492,kmeans,3,0
2648,-1.4872610374933295,-0.36070458983094034,kmeans,3,2
2649,1.876076530740339,1.4726358255270584,kmeans,3,1
2650,-0.6108349971670066,-0.44784004906575875,kmeans,3,2
2651,-0.7645606796008462,0.07540526846011676,kmeans,3,2
2652,1.0648235319052899,-0.8212256855616558,kmeans,3,1
2653,-2.7422810271055815,0.708083620971411,kmeans,3,2
2654,-2.2769433099353487,-1.534281747354229,kmeans,3,2
2655,-0.16234811350834324,0.9100903180490212,kmeans,3,2
2656,0.4404811869756039,-0.546121892639258,kmeans,3,2
2657,0.242463880987698,0.854392107356817,kmeans,3,2
2658,-2.2281002870620075,-0.8147338414193799,kmeans,3,2
2659,0.33795519803609564,-0.16703884432409158,kmeans,3,2
2660,-3.058131856275583,1.3154302208354598,kmeans,3,2
2661,-0.750997784404223,3.406662305154348,kmeans,3,2
2662,-2.8378770563327578,-0.08060373939903992,kmeans,3,2
2663,-0.6904235137533237,-0.8634584615402354,kmeans,3,2
2664,1.593118620493671,-1.0484909411309604,kmeans,3,1
2665,-1.3869259360912767,-0.11919144002616684,kmeans,3,2
2666,3.090380414746611,0.4948011800876127,kmeans,3,1
2667,0.957930806517312,0.6596956254320014,kmeans,3,1
2668,1.7542410238491062,2.5638982629883733,kmeans,3,1
2669,0.0375845067382903,-1.2402832738169451,kmeans,3,2
2670,-1.1315168396347728,0.3552027030222197,kmeans,3,2
2671,-0.6202580741920297,1.4045048864502265,kmeans,3,2
2672,1.5676518316963635,-1.863188902258105,kmeans,3,1
2673,5.351152269970155,-1.327259352140713,kmeans,3,1
2674,-0.841151557751134,-1.4974554723699762,kmeans,3,2
2675,1.6443251073992995,2.8804762372957855,kmeans,3,1
2676,-1.4323049077108365,0.5779493227234033,kmeans,3,2
2677,-1.3762715678925117,-0.09188258564005432,kmeans,3,2
2678,-0.9307938624716882,0.8885326709258844,kmeans,3,2
2679,4.632851574655046,0.09051434818424968,kmeans,3,1
2680,-2.7124587761891914,-1.6989041570137489,kmeans,3,0
2681,-0.9402278946099909,0.9866496487910618,kmeans,3,2
2682,-1.280222561751023,1.7374689312668146,kmeans,3,2
2683,-2.5096214689863716,0.4972595069897074,kmeans,3,0
2684,-1.1205375960400743,0.9222967234976912,kmeans,3,2
2685,0.439284540066891,1.9329467304401384,kmeans,3,2
2686,-1.3773094570230384,2.5153827206285375,kmeans,3,2
2687,-0.13936065306251721,-0.9406748935625971,kmeans,3,2
2688,-1.8277429712011062,1.5593712929278836,kmeans,3,2
2689,-1.1642507065351186,0.23997324790911048,kmeans,3,2
2690,-1.178168508645575,-1.296260039410211,kmeans,3,0
2691,1.9682190140017624,-0.513546607180889,kmeans,3,0
2692,3.6870135088186475,3.372385320898831,kmeans,3,1
2693,2.2918015075547635,2.009999999441988,kmeans,3,1
2694,1.439812987602195,0.7801988514937844,kmeans,3,1
2695,-0.4077116567590347,-1.060177713298257,kmeans,3,0
2696,2.388468952602343,-1.3183599565185422,kmeans,3,1
2697,-0.037608907669756185,-0.9192786264839351,kmeans,3,2
2698,-2.0906211569385693,-1.226962657489668,kmeans,3,2
2699,-1.16140663184333,0.0009372652248385039,kmeans,3,2
2700,1.7452906393226573,-0.7594578122210734,kmeans,3,1
2701,-3.127033863693291,2.024830655149837,kmeans,3,2
2702,0.17438172663283744,-2.115044851868558,kmeans,3,2
2703,-0.31186473489975924,1.3068748308321174,kmeans,3,2
2704,1.7941069657265847,-0.08414771195256522,kmeans,3,1
2705,1.9735781968983406,1.3843236751582524,kmeans,3,1
2706,1.954614950962233,1.448033463533147,kmeans,3,0
2707,3.8246910587276726,2.277661210020714,kmeans,3,1
2708,-0.5476167216940326,0.4775003738732686,kmeans,3,0
2709,-1.3098350556681895,-0.5079477457235806,kmeans,3,2
2710,-0.8625492961945462,-0.46050751458308886,kmeans,3,2
2711,-1.2201025184713261,2.3342585489236085,kmeans,3,2
2712,-2.674733754923606,-0.018603584690053788,kmeans,3,2
2713,1.2866922016184303,-2.4701192653812547,kmeans,3,1
2714,-0.9040081772838072,0.33123145234775425,kmeans,3,2
2715,2.703313078091179,1.1879801238578274,kmeans,3,1
2716,0.311259383423175,-0.6864122507921817,kmeans,3,0
2717,0.19020688148750997,0.5012757529530576,kmeans,3,2
2718,2.061650381216931,-2.4410747378660327,kmeans,3,1
2719,-0.4776862104014554,-0.6590040108991962,kmeans,3,0
2720,0.11983610994228751,-0.28515258305364,kmeans,3,2
2721,4.680467478940562,-1.697578891810901,kmeans,3,1
2722,-1.4315916562028097,2.1246488828676817,kmeans,3,2
2723,2.4650548302873108,0.37758346793756375,kmeans,3,1
2724,-3.081730750900314,-0.32701329111552324,kmeans,3,2
2725,4.006244970254176,0.7313492538549079,kmeans,3,1
2726,0.04565317530491622,-2.5939830527556214,kmeans,3,0
2727,-0.10135273454708732,-1.1701276402894623,kmeans,3,2
2728,-3.241004098092768,-0.473190186302543,kmeans,3,2
2729,-1.3345230750297008,-0.35628754788441047,kmeans,3,0
2730,-1.1329293426066613,0.8682885725307409,kmeans,3,2
2731,-1.7066594862390059,1.0327629450182605,kmeans,3,2
2732,-1.79486565041106,0.5127520208891084,kmeans,3,2
2733,-2.748842841496868,1.583683154761993,kmeans,3,2
2734,1.831735267302228,0.679865931534697,kmeans,3,1
2735,-0.8037546159198008,0.2183184533723823,kmeans,3,2
2736,2.6290019931636746,-0.40750807555030366,kmeans,3,1
2737,1.53528665785846,0.1903570714355682,kmeans,3,1
2738,0.9433431032593167,-3.0698224279941284,kmeans,3,0
2739,1.822290235176905,-0.9273021347162901,kmeans,3,1
2740,4.700232060691579,-2.2354443508784074,kmeans,3,1
2741,0.7324946399075146,-0.6123876434699209,kmeans,3,1
2742,2.625448261595835,-1.8362093926134546,kmeans,3,1
2743,-1.5774100710217387,-0.22486778816832748,kmeans,3,2
2744,-1.0457518476477303,1.4305479275445523,kmeans,3,2
2745,-0.6394054057749831,0.12042252111035016,kmeans,3,2
2746,-2.636205342289328,0.2641803937784469,kmeans,3,2
2747,-1.1036324408601306,-1.8649866231228174,kmeans,3,0
2748,-1.3534963365427786,0.48712260583421163,kmeans,3,2
2749,-0.48724591400664047,0.852362075774182,kmeans,3,2
2750,2.2071516358235317,-2.7118142000587877,kmeans,3,0
2751,-1.650153574850752,-1.6670422622494965,kmeans,3,2
2752,-1.900941056033252,-2.6944160788735845,kmeans,3,0
2753,-1.5521935771153637,-5.61098458936567,kmeans,3,0
2754,0.4863615659509984,1.3483892156837833,kmeans,3,0
2755,2.898063244753563,0.6156628747440186,kmeans,3,1
2756,-0.15940534512348276,-4.388198912499929,kmeans,3,0
2757,-2.9319851953377736,0.01912929439894182,kmeans,3,2
2758,-1.3313722401789763,0.46606772577592676,kmeans,3,2
2759,-1.905887644247493,-0.05971825477944293,kmeans,3,2
2760,-1.6044481846411343,-3.1858906676974432,kmeans,3,0
2761,4.707053749232183,-0.4358954461285278,kmeans,3,1
2762,-0.6148807200188552,-0.3072871769395009,kmeans,3,2
2763,-2.177393009698163,-1.2124514510511928,kmeans,3,2
2764,-2.146701775527618,1.7219938237161074,kmeans,3,2
2765,-1.0068596193090789,-0.10709648363187045,kmeans,3,2
2766,2.0348217866385103,1.6132057629972172,kmeans,3,1
2767,-0.537945155723666,-1.5131123220419542,kmeans,3,0
2768,-0.5226710045599336,0.6455544100972795,kmeans,3,2
2769,-1.790302741750577,-0.8348777987571468,kmeans,3,2
2770,-2.1325910963248,-0.22277874198796876,kmeans,3,2
2771,-0.30604968648340114,-0.0035428644424801716,kmeans,3,0
2772,-2.0789944741911524,-1.2631529747212957,kmeans,3,0
2773,3.043757657870935,0.9536358447789657,kmeans,3,1
2774,0.1266784937083826,-0.7953708501269694,kmeans,3,0
2775,0.8829600818330317,-0.12181752332766947,kmeans,3,1
2776,1.4535709811281592,-3.990810360652846,kmeans,3,0
2777,-0.7581456408125068,0.48532798160966306,kmeans,3,2
2778,-1.4434956317497227,-0.3361054731078074,kmeans,3,2
2779,-0.2512249848520239,-3.70421558371749,kmeans,3,0
2780,4.645435335856034,-0.623099548573727,kmeans,3,1
2781,-1.0997522031516074,-4.276322603214195,kmeans,3,0
2782,3.5828347851877527,1.0680150332485983,kmeans,3,1
2783,-1.3231263489013914,0.7041812664162537,kmeans,3,2
2784,-3.110419850370855,0.5017143672401342,kmeans,3,2
2785,-1.378427256554956,1.2325188467238553,kmeans,3,2
2786,-0.6152432389889191,-0.9862761169749807,kmeans,3,2
2787,-0.4390668719613645,1.6261553193067673,kmeans,3,2
2788,0.7339668235990834,-0.5579258404800489,kmeans,3,2
2789,-2.126304481965619,-1.3065057607458335,kmeans,3,2
2790,-1.4627165841332153,-0.4060773932666435,kmeans,3,2
2791,0.6294347505470078,-2.209427778181966,kmeans,3,1
2792,3.000451595722302,-0.010448674916325907,kmeans,3,1
2793,0.27243900150871675,-3.011684836523309,kmeans,3,0
2794,1.3185873569605429,1.219070690569543,kmeans,3,1
2795,-0.7647753140510077,-0.7695735943590588,kmeans,3,2
2796,-3.190935557159134,-0.1820108240596215,kmeans,3,2
2797,-2.5548536237494823,-2.4200294880967337,kmeans,3,0
2798,-1.055417082323321,0.017616864630500266,kmeans,3,2
2799,-1.839396798984861,-1.1292817067005156,kmeans,3,2
2800,-3.4324293027667894,1.15035461710159,kmeans,3,2
2801,-2.0519350945863275,-2.8639544656650466,kmeans,3,2
2802,-0.5763034242421013,1.512135192654309,kmeans,3,2
2803,3.1791753971115764,-1.0579949788176113,kmeans,3,1
2804,-1.6764403793747742,-0.6406826163032467,kmeans,3,2
2805,-4.453623107957844,2.2906964808350674,kmeans,3,2
2806,0.29694253087527867,0.46759598679445186,kmeans,3,2
2807,1.47434824666632,-0.22734520022036503,kmeans,3,1
2808,-0.5646849389890503,0.5053642353420942,kmeans,3,2
2809,1.571234532694777,0.10091060492906691,kmeans,3,1
2810,-1.3946471303182721,1.7808230419319606,kmeans,3,2
2811,-0.49726857875333014,0.04588717449837622,kmeans,3,2
2812,-0.34779891291047915,-1.1424707972188428,kmeans,3,0
2813,-1.5916004417994105,2.3114434143150344,kmeans,3,2
2814,-0.8172044083824258,-0.7842448813707742,kmeans,3,2
2815,-0.7521350586488014,1.5034393042118162,kmeans,3,2
2816,2.4427306523045527,-0.41660516322874236,kmeans,3,1
2817,0.7485886820305204,-0.22450786995617017,kmeans,3,1
2818,-2.2252785885755713,0.6758629094273637,kmeans,3,2
2819,1.8887148144036627,-0.09827961658561275,kmeans,3,1
2820,-2.2664699224970084,1.8007808654825608,kmeans,3,2
2821,0.28808735661547075,-0.3879152902930274,kmeans,3,2
2822,0.6616807380701494,-1.1558825694948267,kmeans,3,2
2823,4.839391778160798,2.2009923816380232,kmeans,3,1
2824,-2.277225375824243,0.1124339912027841,kmeans,3,2
2825,-0.42667128073046506,0.824648570652282,kmeans,3,2
2826,0.45398545828787484,-0.8048316909954844,kmeans,3,2
2827,-1.1851117903345416,-0.32542607033535,kmeans,3,2
2828,-0.1878922466605284,1.5347027678574332,kmeans,3,2
2829,-1.7126242460730687,-0.38516281907656585,kmeans,3,2
2830,0.12479991333979137,-1.6688290741723222,kmeans,3,2
2831,0.5666817952949998,-1.3644358903343181,kmeans,3,2
2832,0.5790741116843664,0.7942517980550787,kmeans,3,2
2833,-2.085080631695767,-0.5342709290260745,kmeans,3,0
2834,0.908576245151186,-3.490399206068368,kmeans,3,0
2835,-2.1672374821035447,-2.309717857997586,kmeans,3,2
2836,-1.8167533780205454,0.12399784716929359,kmeans,3,0
2837,-0.5191101982219545,0.2693704105241527,kmeans,3,2
2838,-0.7179469795380443,0.5471598864744196,kmeans,3,2
2839,-0.27892848862706554,0.09982512587298562,kmeans,3,2
2840,6.808522907106876,-0.3313508941656104,kmeans,3,1
2841,1.779440419006806,1.2863074184061816,kmeans,3,1
2842,-0.8110234922056099,0.14720164905898167,kmeans,3,2
2843,4.703565885454796,-0.21117253422125967,kmeans,3,1
2844,-2.3029827024831957,-3.134992825868064,kmeans,3,0
2845,-2.031512317003963,2.150291560082707,kmeans,3,2
2846,2.983420745921169,1.1714817242482134,kmeans,3,1
2847,2.386978671691056,2.6400027312117196,kmeans,3,1
2848,4.833881540588855,-0.8339524484302004,kmeans,3,1
2849,1.725450295337254,0.6390204188549439,kmeans,3,1
2850,0.09613806612778676,-0.19703111609896473,kmeans,3,2
2851,2.5141513939406783,0.09325897272170527,kmeans,3,1
2852,-2.037833937666257,-0.8464649337462933,kmeans,3,2
2853,1.6188607091843632,-1.2159609254083703,kmeans,3,0
2854,-2.01835746337473,-0.16055690918733717,kmeans,3,2
2855,-2.163248515093919,-0.4338622177166393,kmeans,3,2
2856,0.07828105864165964,-0.6163635648974578,kmeans,3,0
2857,-0.5187542542480952,0.6511459663595046,kmeans,3,2
2858,-1.3651110383045688,2.5520486673911607,kmeans,3,2
2859,-1.6709165858167874,-1.4010663359165934,kmeans,3,0
2860,-2.0724964606780363,-0.8416327298055346,kmeans,3,2
2861,-1.3105750790289106,-2.2446940711986962,kmeans,3,2
2862,-0.6407633029687769,0.8288399363305,kmeans,3,2
2863,1.2919650977201291,0.714065044980037,kmeans,3,1
2864,-1.1031190204108525,-1.3688842545806463,kmeans,3,2
2865,0.9137418176967155,0.733469654420473,kmeans,3,1
2866,0.07925698280980531,0.6215227259791893,kmeans,3,2
2867,-0.7309082801005529,0.8329505796792882,kmeans,3,2
2868,5.57195637128485,0.6605700098487701,kmeans,3,1
2869,-1.240884953880998,-0.6377031767898464,kmeans,3,2
2870,-0.7330281401159767,-1.3947337018680013,kmeans,3,0
2871,-0.8758702407228077,-1.3804937129802857,kmeans,3,0
2872,2.1458555374111152,1.409336976459963,kmeans,3,1
2873,1.716823813913402,0.7602746234834327,kmeans,3,0
2874,-0.23037872654841063,-1.9556706846257241,kmeans,3,0
2875,-0.8243046706092269,0.3550633845184998,kmeans,3,2
2876,-0.6473887628035427,-0.39560249024342564,kmeans,3,2
2877,-0.4366103793595842,0.9937584522269156,kmeans,3,2
2878,-2.8813970120842454,-1.6192503339140047,kmeans,3,2
2879,2.667296280897359,0.019885676821645392,kmeans,3,1
2880,-1.623677856109433,0.09934159610733781,kmeans,3,2
2881,-2.610208665072141,-2.748613941970649,kmeans,3,2
2882,2.168317874108049,0.2534563579529605,kmeans,3,1
2883,-0.13189218662333058,0.25795291785863483,kmeans,3,2
2884,-1.4142112211587075,0.36988565584793315,kmeans,3,2
2885,4.997440860231783,0.16745937523731746,kmeans,3,1
2886,-1.3786668977372072,-0.3762955964706898,kmeans,3,2
2887,1.3573928666667123,1.5529121556316987,kmeans,3,1
2888,-0.19537333822119457,0.000906063458369611,kmeans,3,2
2889,0.7469156279197733,0.8985929583638665,kmeans,3,1
2890,-0.5835954962718768,-0.1550893629895145,kmeans,3,2
2891,-0.1643734187742693,-0.843585483846248,kmeans,3,2
2892,-1.3092192612875815,-0.3167867918270954,kmeans,3,2
2893,0.09700234825793383,-1.5940657697320593,kmeans,3,2
2894,1.2745025584728547,0.3543558352784324,kmeans,3,1
2895,-0.19229285541315214,0.37442464433421674,kmeans,3,2
2896,-0.5805238878073324,0.22406046338936225,kmeans,3,2
2897,1.8649374978123456,1.5780087994718486,kmeans,3,1
2898,-2.44391945778998,-0.15392578875611468,kmeans,3,2
2899,-0.6131213590857262,2.7584110049713537,kmeans,3,2
2900,-0.9290436232168173,-0.04439492583989713,kmeans,3,2
2901,0.07699522498329432,-0.6925261378015212,kmeans,3,2
2902,0.20972309934664937,2.4464207772923285,kmeans,3,2
2903,4.777981936943787,0.8770882961472473,kmeans,3,1
2904,-1.3001119128592846,1.9402163758053579,kmeans,3,2
2905,-1.5700806695893708,0.8829582923228317,kmeans,3,2
2906,-0.7330374945119174,-0.8301121778213987,kmeans,3,2
2907,-2.112973755242506,2.6407927790113344,kmeans,3,2
2908,1.6891298299251973,1.0118249724700854,kmeans,3,1
2909,-0.3032348725677653,1.163184939901929,kmeans,3,2
2910,0.09081454448580545,0.36919185914340485,kmeans,3,2
2911,-0.5497846467862445,1.2108330302429522,kmeans,3,2
2912,0.519515904100401,-1.0632381343591062,kmeans,3,2
2913,3.0803988000913805,0.45472709322690147,kmeans,3,1
2914,1.1044824933952069,-0.014183646082995872,kmeans,3,0
2915,-0.07322908860367033,0.7951875451324416,kmeans,3,2
2916,-0.4499419715016386,2.1101859740196134,kmeans,3,2
2917,-0.8761187541721536,-1.1514381080428093,kmeans,3,2
2918,-1.029875658015823,1.9323895264037394,kmeans,3,2
2919,4.018065300003493,-1.0151068997690076,kmeans,3,1
2920,1.1647683299889318,1.0199928420892586,kmeans,3,1
2921,1.8882625289074868,-0.5992202149044643,kmeans,3,1
2922,0.5798530823516573,-1.9428914280382865,kmeans,3,0
2923,-1.9783762467167036,-0.2001315542616882,kmeans,3,2
2924,2.2241929668596883,0.5570824013158429,kmeans,3,1
2925,-1.5689551072791676,-1.5456746203701661,kmeans,3,2
2926,-1.550352392222423,2.084280642140073,kmeans,3,2
2927,-2.898513620640892,0.771134330784241,kmeans,3,2
2928,-2.192422711582443,0.48447202628630387,kmeans,3,2
2929,2.912106922069485,1.28858729587537,kmeans,3,1
2930,-2.249591982596071,0.7223387119913672,kmeans,3,2
2931,0.6215602752541518,1.5897610671391795,kmeans,3,2
2932,-1.6673200848668106,2.214590189280714,kmeans,3,2
2933,-1.727188933852403,-1.7479611207003065,kmeans,3,0
2934,1.1884033143889927,0.5141585302450475,kmeans,3,1
2935,-1.2665076737049652,0.38413776939722044,kmeans,3,2
2936,1.8894575061652485,0.32325850825199615,kmeans,3,1
2937,-2.4752455993491735,-1.622400054478081,kmeans,3,2
2938,0.549441592251451,1.2552204098545328,kmeans,3,1
2939,-3.9291876810593114,0.23868848561874478,kmeans,3,2
2940,0.9270251659601633,0.24835831835496197,kmeans,3,1
2941,1.3080989686721676,0.14004969625197636,kmeans,3,1
2942,0.5521704486722516,1.0923776056522605,kmeans,3,2
2943,-0.5825505814143398,-1.7204144912120354,kmeans,3,2
2944,4.7024834007141525,0.4416334484325247,kmeans,3,1
2945,-1.5203945293899452,0.33045649730977117,kmeans,3,0
2946,1.3742642148185247,1.915065929736959,kmeans,3,1
2947,-0.4861845888072124,1.9563382116443568,kmeans,3,2
2948,-0.9871979719997002,-0.006694750983989195,kmeans,3,2
2949,-0.9999405591276342,0.3421475157839746,kmeans,3,2
2950,4.007552717850025,1.6363087449864753,kmeans,3,1
2951,3.4698049827826396,0.3677314301256295,kmeans,3,1
2952,0.34031951088686596,-1.1933515443243037,kmeans,3,2
2953,1.9711471035841848,-0.7503403247551867,kmeans,3,1
2954,-1.191888357967185,-0.6707554491871224,kmeans,3,2
2955,0.7648694455521505,1.82807644543742,kmeans,3,1
2956,0.5334159415235425,-1.4466490996862484,kmeans,3,2
2957,0.6535040444898244,-0.14730581965501421,kmeans,3,1
2958,-1.7942080236169942,-0.40211340164327236,kmeans,3,2
2959,1.1466618622338318,-2.4856366093208138,kmeans,3,0
2960,-0.5570891327774908,-0.07969693537877054,kmeans,3,2
2961,-1.4198015434323634,-1.670244771500139,kmeans,3,0
2962,-2.6917475503956045,0.6514839868840603,kmeans,3,2
2963,0.41705102754061335,1.2229774765306214,kmeans,3,2
2964,1.3776816913662946,1.5175249929999948,kmeans,3,1
2965,0.5985730254222014,-1.140108802886136,kmeans,3,2
2966,-1.517802103420963,-3.0364478524247995,kmeans,3,2
2967,-0.9991502263578207,0.39996386480467544,kmeans,3,2
2968,-0.9148813162096786,-0.47501025578648015,kmeans,3,2
2969,-2.2860523396655705,1.5989858349277843,kmeans,3,2
2970,-2.428157617246017,-3.0805143467209923,kmeans,3,2
2971,1.994475443231762,1.3987691198665746,kmeans,3,1
2972,-1.5735005959678057,-1.830294045326944,kmeans,3,2
2973,2.331540096207307,-2.9904308573470932,kmeans,3,0
2974,1.4207986103818777,0.6023087950895913,kmeans,3,1
2975,0.44093939572095275,-0.65939553984512,kmeans,3,2
2976,1.6450650017424988,0.06908511281891695,kmeans,3,1
2977,-1.8327135320543828,1.4584030770262153,kmeans,3,2
2978,1.8735736188560326,-0.11704382976610637,kmeans,3,1
2979,0.8261869323613547,2.4353014322786932,kmeans,3,1
2980,1.0531980610759166,0.05563478777080468,kmeans,3,1
2981,-1.4039446869514765,-2.4871252015403047,kmeans,3,2
2982,-0.6829001631422952,-1.282703652184253,kmeans,3,0
2983,-2.613890698237182,1.7843038645178007,kmeans,3,2
2984,-0.5222414474411432,1.6154313637143918,kmeans,3,2
2985,-2.0647756406079467,1.5080258800019368,kmeans,3,2
2986,1.545699652194305,-1.2283559103753035,kmeans,3,1
2987,-1.1086733908564235,0.11181777896374165,kmeans,3,2
2988,-3.119778077401178,-1.5972938562389696,kmeans,3,2
2989,0.3073034294900238,-1.081502059288237,kmeans,3,2
2990,3.149724430387589,0.5126320219442358,kmeans,3,1
2991,3.7175338251608565,1.2602186430536781,kmeans,3,1
2992,1.0182670887093954,0.2643194870587012,kmeans,3,1
2993,-0.5355421923663476,3.6254494744989216,kmeans,3,2
2994,-0.8381536627603444,0.6784659870518285,kmeans,3,2
2995,1.7832324667973798,-0.883381528854906,kmeans,3,1
2996,1.869172549471948,-4.667186256145231,kmeans,3,0
2997,1.7122726117055092,-1.6620130523994807,kmeans,3,0
2998,-1.042742762220147,0.49811714598394335,kmeans,3,2
2999,-0.7083194324318335,1.0194464679959954,kmeans,3,2
3000,-0.0195003313323486,-0.26168812074781567,kmeans,3,0
3001,-3.7424809760661115,1.8750571229461575,kmeans,3,2
3002,-2.3732379905605283,2.4936077541633836,kmeans,3,2
3003,-2.2955189984769238,0.6811161068761454,kmeans,3,2
3004,1.913770486217307,1.82267725153359,kmeans,3,1
3005,0.46192260875856156,-0.9154505528299026,kmeans,3,2
3006,1.254948864029386,3.801572993061999,kmeans,3,1
3007,-1.5591683766454474,1.7402415927105859,kmeans,3,2
3008,1.2744587113860602,-2.39752397859856,kmeans,3,1
3009,-1.0651587017821378,2.238282426163717,kmeans,3,2
3010,2.803934773959385,2.614972344752122,kmeans,3,1
3011,-0.22258407811836473,0.30234335835519693,kmeans,3,2
3012,0.8419377254769699,0.7719390744614524,kmeans,3,1
3013,-1.7217428787104492,-0.06270418866583555,kmeans,3,2
3014,0.9134892736551242,-1.377680552888492,kmeans,3,1
3015,3.4034874512382483,0.7326639625642052,kmeans,3,1
3016,-2.0871701414963133,-0.0014566316915521644,kmeans,3,2
3017,-2.839175937281403,-0.281682320724315,kmeans,3,2
3018,-3.6544552487364754,0.30634994251424486,kmeans,3,2
3019,-1.5428457187733362,0.49161796369574284,kmeans,3,2
3020,0.7562345232409897,0.571278154784137,kmeans,3,1
3021,-1.9571752932377535,1.9048827776090298,kmeans,3,2
3022,0.5293200703022768,-0.4740022791247649,kmeans,3,0
3023,-1.9034818043694626,-1.5413934444987563,kmeans,3,0
3024,0.6445707158813647,-2.585492239928746,kmeans,3,0
3025,0.22676320697151878,0.4095972919286122,kmeans,3,2
3026,-1.408769680089814,0.9635406257623603,kmeans,3,2
3027,-1.9697617871653916,-0.8738455724944592,kmeans,3,2
3028,-1.2504334982135235,0.3425536001192547,kmeans,3,0
3029,-1.9160578758216753,0.6965526093912847,kmeans,3,2
3030,-0.0782960442949152,-0.43612278267422344,kmeans,3,2
3031,-1.2553914962129655,0.8373241523419166,kmeans,3,2
3032,-1.4675925732167117,-0.12972492890001114,kmeans,3,2
3033,-0.4087476194632894,-0.8590495704691267,kmeans,3,0
3034,1.2665503682946897,-0.6911941917370069,kmeans,3,1
3035,-0.785417624742203,-0.9363919033751443,kmeans,3,2
3036,-0.9993192716837684,-0.9012803484544962,kmeans,3,0
3037,-3.395638239139228,0.8615444206824848,kmeans,3,2
3038,-1.1472844427094375,-2.2258615420302075,kmeans,3,2
3039,-1.305762933107838,0.5077276099110335,kmeans,3,2
3040,-0.8318099649293413,-0.28035837517277656,kmeans,3,2
3041,-1.0023030432930944,0.0010408152707089412,kmeans,3,2
3042,-0.1886765327726757,0.5271443423358112,kmeans,3,2
3043,-2.035190720410129,0.09216694085488211,kmeans,3,2
3044,-2.144219238266738,1.713999584751865,kmeans,3,2
3045,4.508488060214239,-0.4095886554009184,kmeans,3,1
3046,-3.7108019202246822,1.839169932389754,kmeans,3,2
3047,-0.36522405584639045,-0.9778763393880312,kmeans,3,0
3048,0.04194712398109421,2.408963317544146,kmeans,3,2
3049,2.7208991856997047,-3.1453452908746042,kmeans,3,1
3050,-2.6633735166572534,1.4289211883277346,kmeans,3,2
3051,-1.5009555256642062,-0.6146777987416447,kmeans,3,2
3052,-1.0996305743871087,1.0365147962861176,kmeans,3,2
3053,-1.018297708654015,-1.1740591400568539,kmeans,3,2
3054,0.48242273577937045,2.504518143446061,kmeans,3,2
3055,-0.4715107817483902,1.803173129983189,kmeans,3,2
3056,0.22692306635240375,1.3770634338980146,kmeans,3,2
3057,4.449376100987689,0.82405934692602,kmeans,3,1
3058,1.4407648313761885,-0.7981361463605945,kmeans,3,1
3059,-1.849220066481368,1.1211790210817683,kmeans,3,2
3060,-0.4076263832652198,0.9268151829457288,kmeans,3,2
3061,-0.6657245478735151,0.44723165619330413,kmeans,3,2
3062,4.455398836263292,0.481330339461496,kmeans,3,1
3063,1.5605582965875067,0.3241046412409307,kmeans,3,1
3064,-0.508537564145294,0.18863656902567508,kmeans,3,2
3065,0.9048828877194911,-0.2441705152285829,kmeans,3,1
3066,-1.6206134110506338,0.2865454900390947,kmeans,3,2
3067,4.9760025535174215,-0.9447583023703797,kmeans,3,0
3068,-1.3615106574042741,0.7672495857414336,kmeans,3,2
3069,-1.1614985232310504,1.9381959089018388,kmeans,3,2
3070,1.0801632310657272,0.08761480356973521,kmeans,3,1
3071,0.5648797149483711,1.18550811394427,kmeans,3,1
3072,0.6758092498969784,-0.41124822715185466,kmeans,3,0
3073,-1.5457237470036078,-0.5767618208672056,kmeans,3,0
3074,5.866525006541554,-0.09515051532679933,kmeans,3,1
3075,-0.8205629815359853,-0.17661285190228831,kmeans,3,2
3076,-0.8476388924088482,-0.9125988790490155,kmeans,3,2
3077,1.6206313331894802,2.7701549497395526,kmeans,3,1
3078,0.20352476522881546,-0.13075577203437064,kmeans,3,2
3079,0.9813793162587293,-2.3823609830372763,kmeans,3,0
3080,-0.2902003902672873,-0.15038662558385438,kmeans,3,2
3081,-1.8738120455834895,-1.690262803340282,kmeans,3,2
3082,1.577562235980839,-0.0907871060532253,kmeans,3,1
3083,0.9872399429318902,0.3406867096035978,kmeans,3,1
3084,-1.4234960329645696,-0.486361467545611,kmeans,3,2
3085,-2.175709036260311,0.587468317446765,kmeans,3,2
3086,1.706918613638821,0.5151188910016363,kmeans,3,1
3087,-1.6974671065313536,-1.3188291901862,kmeans,3,2
3088,-0.0853373789429585,1.8337565690181457,kmeans,3,2
3089,-0.0632166110955867,0.14887696737007308,kmeans,3,2
3090,1.992148186794995,0.9684610021532651,kmeans,3,1
3091,-1.524229565488056,-0.8627062472083289,kmeans,3,2
3092,-0.17513694685132492,-0.12379504614652546,kmeans,3,2
3093,1.076174989129314,1.781013010994795,kmeans,3,1
3094,1.0415081839633225,-0.7175770379017254,kmeans,3,1
3095,0.08976831405154928,-0.3978504613791699,kmeans,3,2
3096,0.9474219119586615,-0.04778033130809151,kmeans,3,0
3097,-1.3047507028878438,1.3671024983291458,kmeans,3,2
3098,-1.3326384283992003,-0.056999405857200286,kmeans,3,2
3099,-2.398894680017109,0.38399321660646263,kmeans,3,2
3100,-1.0585262223350271,-1.186403017637755,kmeans,3,0
3101,-1.312651225731135,-0.9423516618344363,kmeans,3,0
3102,3.7418919896141105,0.6554442054870211,kmeans,3,1
3103,-0.6178788698220918,-1.13492991454355,kmeans,3,2
3104,1.0073053897825244,1.0835316902524519,kmeans,3,1
3105,-2.152572567060898,-0.14562392198571547,kmeans,3,2
3106,2.0678032171649923,-0.1375055081005849,kmeans,3,1
3107,-1.7884199526167455,-1.453994424074207,kmeans,3,0
3108,-0.039540902907025464,-2.006356852098713,kmeans,3,0
3109,5.226020426520662,-0.7552792936393654,kmeans,3,1
3110,-7.189464589525336,2.0769343040784394,kmeans,3,2
3111,-2.329464379535055,-1.2592470899064208,kmeans,3,2
3112,0.8856383796544897,-2.139458909854601,kmeans,3,1
3113,2.949287682870324,0.47007661677420914,kmeans,3,1
3114,0.7479034645699443,-0.9831723502727902,kmeans,3,1
3115,-1.339673022331647,-0.2075709865924956,kmeans,3,2
3116,-1.5572105844783022,-0.38181251107185427,kmeans,3,2
3117,4.801542391952148,-1.6949775983442967,kmeans,3,1
3118,-0.7228561440135636,-2.808956431261847,kmeans,3,0
3119,-0.7499696268322593,-6.399616775918717,kmeans,3,0
3120,4.80575409038427,1.178801723578073,kmeans,3,1
3121,-1.8009647335384378,1.5559845061845654,kmeans,3,2
3122,-1.795291015040557,2.0482461326488854,kmeans,3,2
3123,0.6604026377660955,-3.7952223847796804,kmeans,3,0
3124,0.3981779054350579,1.914556050802016,kmeans,3,2
3125,-0.6748303248817746,2.578679495585565,kmeans,3,2
3126,-0.44923951089898184,-0.9436566938941754,kmeans,3,2
3127,0.2595500011369638,1.1409562804847027,kmeans,3,2
3128,0.11793616419725356,-0.6929129831333511,kmeans,3,2
3129,0.023856217086737155,1.2118386652271091,kmeans,3,2
3130,1.2206421354879569,0.38340193548707824,kmeans,3,1
3131,-0.9200895269241446,-0.46987199695839243,kmeans,3,2
3132,-1.4340477001665213,-0.7323046965875691,kmeans,3,2
3133,0.8689071134382428,-0.22783459948582135,kmeans,3,1
3134,3.287578569480275,-6.356281541369034,kmeans,3,0
3135,-0.7532673552806283,0.48089694018653606,kmeans,3,2
3136,-2.427046915315969,-2.951755921456276,kmeans,3,2
3137,-1.0605823302420279,2.265580705234258,kmeans,3,2
3138,0.7768221936696754,-1.0422098161923976,kmeans,3,2
3139,-0.3267355545913162,1.790798467663941,kmeans,3,2
3140,-3.0973817852345285,-0.9000347680814011,kmeans,3,2
3141,1.8596687627007777,0.1174910903747735,kmeans,3,1
3142,-3.3598846691157553,-0.03256493185597811,kmeans,3,2
3143,-0.5514400206575091,-2.2420698955470364,kmeans,3,2
3144,3.3875350102608652,-0.4626013292609099,kmeans,3,1
3145,-2.423989937987857,-1.0624696831298912,kmeans,3,0
3146,0.0886027661555609,0.4749581408837765,kmeans,3,2
3147,1.3793060997850741,3.0577526861224005,kmeans,3,1
3148,0.7252505443733903,0.2923337077754879,kmeans,3,1
3149,-0.14359844612117126,-1.2681351228834814,kmeans,3,0
3150,-1.0864348121209417,1.8641367782710054,kmeans,3,2
3151,-0.0993915476443243,0.37521206868048707,kmeans,3,2
3152,-0.1321957406349091,-1.2611191641522013,kmeans,3,0
3153,-2.7184931400391483,0.35593398209286214,kmeans,3,2
3154,0.30220743713362835,0.36382931017916864,kmeans,3,2
3155,-1.4630826715541176,1.7821047506714263,kmeans,3,2
3156,-0.3757608155185543,-0.7330854008429748,kmeans,3,0
3157,-0.492989735203728,-1.4681645206039904,kmeans,3,2
3158,-1.3007780676029461,1.1255947476122994,kmeans,3,2
3159,-1.8049928523283136,0.9692014884017645,kmeans,3,2
3160,-1.175014617314081,-0.08447012061055889,kmeans,3,2
3161,1.7972271066650733,1.2289688760141901,kmeans,3,1
3162,1.840701575079713,1.3487012376845453,kmeans,3,1
3163,-1.4177396912825277,-1.957625746652869,kmeans,3,0
3164,2.8171974368498667,2.185957530371635,kmeans,3,1
3165,-1.1187300771129491,-0.6923004831965432,kmeans,3,2
3166,1.0655646433005608,-0.9258907807440324,kmeans,3,1
3167,-1.2118061598711396,0.5109030597161666,kmeans,3,2
3168,1.0350301578596397,-0.9487611261078018,kmeans,3,1
3169,2.1691002943651156,1.357413486600763,kmeans,3,1
3170,2.8129052369679255,0.8242198557174447,kmeans,3,1
3171,-1.3821848705858875,1.5283503744851683,kmeans,3,2
3172,3.241250795127785,-0.6246454986391335,kmeans,3,1
3173,-2.4423391648892436,-1.7180661003797941,kmeans,3,2
3174,-1.5106369910156914,-0.5624050392083602,kmeans,3,2
3175,-2.230740989319426,-0.09979427409751786,kmeans,3,2
3176,1.626867052806124,-1.8119761557160872,kmeans,3,1
3177,-1.5262647314450053,0.36020060690537276,kmeans,3,2
3178,-0.9178013888218411,0.4310822295371868,kmeans,3,2
3179,-1.38435675101999,-0.4302132253867938,kmeans,3,2
3180,-1.9399840091159744,-0.7028122620391362,kmeans,3,2
3181,0.14024706184283015,1.2752169869396706,kmeans,3,2
3182,-0.49975449804462374,-0.8927266720117436,kmeans,3,0
3183,-1.731244405525936,-2.2402783117350884,kmeans,3,2
3184,1.367258293568036,0.26718867157667303,kmeans,3,1
3185,2.6268629654298756,0.8476193333463006,kmeans,3,1
3186,-2.6663473858480167,1.5176838020240344,kmeans,3,0
3187,-1.1930051496765126,0.9435726689117788,kmeans,3,2
3188,-1.7186380447670968,-1.1628325328571347,kmeans,3,2
3189,2.3089352015032634,-1.7622395681799716,kmeans,3,1
3190,0.04636468197177385,-5.63181965568214,kmeans,3,0
3191,-2.13345487671892,2.306174369410692,kmeans,3,2
3192,2.964915132225793,1.9994815589077952,kmeans,3,1
3193,-0.16237164228333045,0.4316140774522317,kmeans,3,2
3194,-1.9256966401453715,0.7244543448234968,kmeans,3,2
3195,2.9858580773795653,0.011403803702402477,kmeans,3,1
3196,0.3329274051633062,1.3417624716888847,kmeans,3,2
3197,-1.852441945402146,-0.7644113234546767,kmeans,3,2
3198,3.788556440856196,1.0186581794842797,kmeans,3,1
3199,-1.4819859968072664,1.132089142393453,kmeans,3,2
3200,-2.2857655486182207,1.2414859997615122,kmeans,3,2
3201,-2.6648034479595526,0.561200279213895,kmeans,3,2
3202,5.168466005023242,0.3596761829127195,kmeans,3,1
3203,-1.6568988258717317,0.41440773107669265,kmeans,3,2
3204,-0.1449967450655878,-1.7386333856439677,kmeans,3,0
3205,-3.523461470005518,2.539402192453008,kmeans,3,2
3206,3.755165981760347,0.9100744208022035,kmeans,3,1
3207,0.3419107705931633,1.0625539125931274,kmeans,3,2
3208,-1.481557798103958,-0.06145080590501584,kmeans,3,2
3209,0.8158930878479612,0.9403434591239058,kmeans,3,1
3210,-0.29088334140788935,-2.7428731427370128,kmeans,3,0
3211,-0.5410303501875666,0.8499571228930657,kmeans,3,2
3212,-1.088913714853552,1.7803906228046096,kmeans,3,2
3213,-0.6815801611479845,1.993086029362348,kmeans,3,2
3214,-1.7013046714425197,1.9008012329500574,kmeans,3,2
3215,-2.1662417001291465,2.342948732524762,kmeans,3,2
3216,-0.10271606949266927,0.09242993690158215,kmeans,3,2
3217,2.2021494266668804,1.4412005449414618,kmeans,3,1
3218,-1.4329375009265788,-0.007770551570094616,kmeans,3,2
3219,-0.6284623251248905,2.2996308957147913,kmeans,3,2
3220,-0.869690347574808,-0.21277743408786667,kmeans,3,2
3221,2.7595437922461037,-0.1424866890126025,kmeans,3,1
3222,-0.9782676643976342,-0.3959690997903195,kmeans,3,2
3223,3.133589965685406,-0.16128085981856757,kmeans,3,1
3224,1.0105806291927077,-0.23664794555374521,kmeans,3,1
3225,-2.8007509432162765,0.6546982586959508,kmeans,3,2
3226,-1.6160603810621186,0.5080994970010975,kmeans,3,2
3227,-2.6643227302047836,-1.720871856378191,kmeans,3,2
3228,-0.1952782654951243,-1.1457142771800246,kmeans,3,2
3229,-1.098163888666484,0.8871591331261571,kmeans,3,2
3230,-1.0177829017533933,-1.6306458437316498,kmeans,3,2
3231,-0.1848447029321948,-2.521536348063137,kmeans,3,2
3232,0.17827978585405932,-0.14465368790377336,kmeans,3,2
3233,1.0055638665463729,0.34968865649305736,kmeans,3,1
3234,1.2080178859168211,2.74578638127436,kmeans,3,1
3235,-4.205876834355855,-1.2414458597632372,kmeans,3,2
3236,1.5381364105545543,-1.806065573346218,kmeans,3,1
3237,-0.29785861674228364,-1.4533128190530644,kmeans,3,2
3238,3.45075459561567,-0.9260400350335833,kmeans,3,1
3239,0.9978213740113268,-0.3101634681530529,kmeans,3,1
3240,1.7300074012068496,-0.859075523971083,kmeans,3,1
3241,-0.9548972116446016,-1.5577126777485695,kmeans,3,2
3242,-0.6698993871924613,0.6161242509621078,kmeans,3,2
3243,-1.2136455553290477,-0.5211304683790045,kmeans,3,2
3244,-0.6264479884122717,0.3160759539969415,kmeans,3,2
3245,-2.3017605062189226,-3.3011713307064663,kmeans,3,0
3246,0.16648376053214267,0.3341512756136587,kmeans,3,0
3247,1.8541548737514213,0.8694123405046007,kmeans,3,1
3248,1.0043782016129688,-0.22746561244102462,kmeans,3,0
3249,-1.3720331444506253,-0.2031296172056558,kmeans,3,2
3250,-1.8726907347733195,1.435246713417311,kmeans,3,2
3251,-1.473912492765485,-0.9056475685884158,kmeans,3,0
3252,-0.6901474085336322,0.07235719880261472,kmeans,3,2
3253,-1.115666425378873,-1.5876750665732449,kmeans,3,2
3254,6.139416617300929,0.24946677166123382,kmeans,3,1
3255,0.4511445812717274,-0.3129779995535822,kmeans,3,0
3256,3.021013974064234,2.107271684897149,kmeans,3,1
3257,2.6583831287305424,0.11194081478977004,kmeans,3,1
3258,4.6023782166005045,0.7873223549122158,kmeans,3,1
3259,-1.0769713742168712,2.3842346471160902,kmeans,3,2
3260,-0.1467293383903853,-1.0619934198668286,kmeans,3,2
3261,1.165110188528741,-0.26569221299471113,kmeans,3,1
3262,-0.6352258774693369,0.5248399266226367,kmeans,3,0
3263,-2.5398778764635805,-1.6118373715695933,kmeans,3,2
3264,0.18126099495485218,0.002886952375771534,kmeans,3,2
3265,-0.8317611058251309,2.2960481820456966,kmeans,3,2
3266,5.544455682343322,1.7436425514654004,kmeans,3,1
3267,-3.096851104894937,-0.21810766594541522,kmeans,3,2
3268,-0.8186948220344605,1.168029568277662,kmeans,3,2
3269,-1.3106927909042856,-1.179503977572558,kmeans,3,2
3270,1.2228896500742412,-0.07202337973053702,kmeans,3,1
3271,-0.22829806407617778,1.0042779630062648,kmeans,3,2
3272,1.1322393037165035,-0.33252460800999467,kmeans,3,1
3273,-2.8527315726202755,-1.9134490641400372,kmeans,3,2
3274,2.5034253727932088,-0.1394420386828251,kmeans,3,1
3275,-0.638846914655121,-0.05011057576514784,kmeans,3,2
3276,-0.28875858472139704,-0.07700977764433276,kmeans,3,2
3277,3.039997945279462,-2.1388544232966527,kmeans,3,0
3278,1.0685731344426295,-3.0153889338742927,kmeans,3,0
3279,1.993121868857591,1.8166793343006957,kmeans,3,1
3280,-0.2027758273730209,1.553631986397723,kmeans,3,2
3281,-2.7036643623712053,-2.921642132417521,kmeans,3,2
3282,1.454152854102239,1.8999548174783085,kmeans,3,1
3283,-0.38982905899551745,1.152822388371756,kmeans,3,2
3284,-3.466137841378893,0.3060640694946473,kmeans,3,2
3285,-2.251693922242713,1.5642993453129825,kmeans,3,2
3286,1.5049748365117626,-2.531657956968392,kmeans,3,0
3287,2.610902515777488,1.6124321383083804,kmeans,3,1
3288,3.99993619398742,0.5291307756385605,kmeans,3,1
3289,4.150050341632967,1.7044009532666875,kmeans,3,1
3290,-1.7946299038691373,-0.31306468388957315,kmeans,3,0
3291,1.1549011784935805,-0.9703397896821931,kmeans,3,1
3292,-0.12650499678898658,-0.9562408504383056,kmeans,3,0
3293,-2.3712126332952446,0.32787824712480834,kmeans,3,2
3294,2.1063133489124723,-3.9873908012855637,kmeans,3,0
3295,4.258807360225351,-1.6534102069948495,kmeans,3,1
3296,-0.7403527102684869,-1.699236526157215,kmeans,3,0
3297,-1.6939245489840136,-0.49429204146726385,kmeans,3,2
3298,1.3122641039020229,-1.760086094072836,kmeans,3,1
3299,3.0249210849052868,-1.0045540598601894,kmeans,3,1
3300,0.4601911953386201,-3.745352898519209,kmeans,3,0
3301,0.6975904360530444,-0.20127221094989728,kmeans,3,0
3302,1.497272711481383,0.8755138619887924,kmeans,3,1
3303,-0.029349418730644915,2.589306435103025,kmeans,3,2
3304,-2.8722767744605875,0.9041337134147454,kmeans,3,2
3305,-1.5556852698837085,-0.09418019065735202,kmeans,3,2
3306,-0.3037114810615017,-1.206597379666456,kmeans,3,0
3307,3.6787325941934013,-0.6269940674309674,kmeans,3,1
3308,-0.8158907598781692,0.01582777229494739,kmeans,3,2
3309,-1.0146017293437213,-2.575523174167473,kmeans,3,2
3310,2.6689074011946303,2.32142375510762,kmeans,3,1
3311,-0.6677311969080791,0.7100696529277286,kmeans,3,2
3312,2.3309607320151815,2.4118297040389276,kmeans,3,1
3313,-0.3207455762371269,-3.5332332625896474,kmeans,3,0
3314,-0.6861827783312082,1.45889989361774,kmeans,3,2
3315,-2.7326124165072714,-6.855526594999697,kmeans,3,0
3316,-0.15393171828198451,-1.2673940426810157,kmeans,3,0
3317,-1.1830436011261003,-0.4420892797074652,kmeans,3,2
3318,-1.9273052170133995,-1.4160782144876005,kmeans,3,2
3319,-0.32724861957923446,-0.09496146926542356,kmeans,3,2
3320,1.2510141031223412,1.4854428304023257,kmeans,3,1
3321,-0.2731162315888383,1.5976873006492793,kmeans,3,2
3322,0.5745733015500138,-0.15488963723716917,kmeans,3,0
3323,4.506259249740584,0.47251951006488907,kmeans,3,1
3324,0.13948761633338458,0.7168884876189064,kmeans,3,2
3325,3.9792179997366253,-0.03223922184518478,kmeans,3,1
3326,-2.562812361118583,-0.48190353281768245,kmeans,3,2
3327,-0.08303894267302724,0.22209138410604295,kmeans,3,2
3328,-2.2335151177590418,-0.0359902643599135,kmeans,3,2
3329,0.5893965944901326,-0.022232172133093635,kmeans,3,2
3330,0.4280923874445185,-0.4407745948530681,kmeans,3,2
3331,-3.076624898415495,-0.16822533940823886,kmeans,3,2
3332,-3.2314016039590143,0.25582033529974946,kmeans,3,2
3333,-1.18975415102807,1.8066582664767672,kmeans,3,2
3334,1.1216395067048366,2.0434233062185347,kmeans,3,1
3335,3.8934277159909816,2.504836932094813,kmeans,3,1
3336,5.213551632503327,0.47231598732554575,kmeans,3,1
3337,-2.8270355890191263,0.7657925656191003,kmeans,3,2
3338,-0.9310929657685708,-1.36755190884253,kmeans,3,2
3339,-1.6110989130652245,1.6787854211418167,kmeans,3,2
3340,-0.753515261454391,-0.8948924254582,kmeans,3,2
3341,0.3493667687489631,-4.313066635281281,kmeans,3,0
3342,-1.477655913562412,0.7988760843166327,kmeans,3,2
3343,-2.494047655076345,1.6272491780069602,kmeans,3,2
3344,3.6876317403007404,-0.5087540817282364,kmeans,3,1
3345,-1.7837747365798222,0.8963390256551563,kmeans,3,2
3346,3.385767749631559,0.2587360079851364,kmeans,3,1
3347,-2.4901411395351,-0.010232779109322998,kmeans,3,2
3348,0.6167431407533462,2.177135073850958,kmeans,3,1
3349,-1.3479302619735996,3.3419715058218746,kmeans,3,2
3350,-1.1470702986992796,0.22220467906055164,kmeans,3,2
3351,0.47464222726531224,-1.78697567157127,kmeans,3,0
3352,-2.9234173375475367,2.8025425330152096,kmeans,3,2
3353,1.247721423889831,-0.45095679843852465,kmeans,3,1
3354,0.6691249202732351,0.11867989911482482,kmeans,3,1
3355,-0.15981577550766404,0.05773283493093572,kmeans,3,2
3356,0.05838699746849211,-1.0638443159124127,kmeans,3,2
3357,2.009739380201241,0.9167056732646011,kmeans,3,1
3358,-0.9757591074627333,0.173511303745014,kmeans,3,0
3359,-0.9442214152145261,0.3394486531821811,kmeans,3,2
3360,1.9704848703777003,0.23401658719679816,kmeans,3,1
3361,-0.45651154927367726,3.7351585049733034,kmeans,3,2
3362,3.802113514556818,1.1954832866273026,kmeans,3,1
3363,-0.9316751871003865,-2.4520971675546392,kmeans,3,2
3364,-0.2074713464881392,-0.2036379695292461,kmeans,3,2
3365,0.32665424528760756,-1.313268329980195,kmeans,3,2
3366,1.1331299144822233,-0.8277201514090391,kmeans,3,0
3367,2.0328479304430207,-2.504915645855829,kmeans,3,0
3368,5.172087095774317,0.9421097863105616,kmeans,3,1
3369,4.336035250231967,0.23996276452610615,kmeans,3,1
3370,-1.8402141380724302,1.0449055992706824,kmeans,3,2
3371,-1.4960662730921992,1.3600436895661845,kmeans,3,2
3372,0.25939224724425136,-0.5695161303516392,kmeans,3,2
3373,-0.048702302550170815,-0.9560177178032427,kmeans,3,2
3374,-2.272866399125603,0.9893899637846332,kmeans,3,2
3375,1.0276615132133098,1.4528427827514356,kmeans,3,1
3376,-1.2365430603633183,1.1640017496747213,kmeans,3,2
3377,-0.09294345554160012,0.0808912213505379,kmeans,3,2
3378,0.6467407320803452,0.0978010812196312,kmeans,3,2
3379,-2.3651979589181145,0.6427235064144519,kmeans,3,2
3380,0.8028209527478567,-0.40722232533358316,kmeans,3,1
3381,1.4086111838987934,-0.30135777324515833,kmeans,3,1
3382,-1.4185161008019407,0.6016387208334291,kmeans,3,2
3383,-2.5543140777635296,2.142318948406683,kmeans,3,2
3384,-0.4490642736066535,0.18949288102558257,kmeans,3,2
3385,1.2810911560261042,0.7122753100940142,kmeans,3,1
3386,2.628301811963,2.129956967296115,kmeans,3,1
3387,-0.2192790057101173,1.3614611783434285,kmeans,3,2
3388,-0.5883357275760023,-1.2606820061023005,kmeans,3,0
3389,-0.9798600180621276,2.7419014275049585,kmeans,3,2
3390,-0.28305744343983796,1.9847256625472716,kmeans,3,2
3391,-1.3887020476431768,-1.0268673736350027,kmeans,3,0
3392,3.9968769420517,0.016213803149475445,kmeans,3,1
3393,0.1702239926671692,0.3813649151324238,kmeans,3,2
3394,-1.344734383065211,-1.7172091809656507,kmeans,3,2
3395,-1.8016757279184747,-2.9266205272187547,kmeans,3,2
3396,-1.6144575009602482,1.0474457844446883,kmeans,3,2
3397,2.4357717292635117,-0.33255742222225576,kmeans,3,1
3398,-2.1393167535060815,2.3679102484098395,kmeans,3,2
3399,1.855716348652298,-0.803528940272113,kmeans,3,1
3400,0.9406378299573042,-0.2486470892439425,kmeans,3,0
3401,-0.6244909196038264,-0.7148656212968093,kmeans,3,2
3402,-0.7391051094984549,1.0930785824087017,kmeans,3,2
3403,0.6899842122551915,1.5752596575391968,kmeans,3,1
3404,-0.7030921868884203,-0.3171824843524703,kmeans,3,2
3405,0.4829580813870347,-1.617244554387156,kmeans,3,0
3406,-0.9759819746271378,-2.9385518109616653,kmeans,3,0
3407,2.6559244979639125,1.796685334978425,kmeans,3,1
3408,1.0114287788482719,1.3282806013317434,kmeans,3,1
3409,1.8177961890736556,1.7559690929959837,kmeans,3,1
3410,0.28616094440726275,0.7391911166346445,kmeans,3,2
3411,-3.171422325897219,-0.222552172837185,kmeans,3,2
3412,-0.16876749994462195,0.5714109768451704,kmeans,3,2
3413,1.5726314869447569,-0.045412978602556706,kmeans,3,1
3414,-1.493818546291692,-0.022646289749940707,kmeans,3,2
3415,0.17148814348625196,-0.5133984394917693,kmeans,3,2
3416,-1.3040425050238,1.9266255719740724,kmeans,3,2
3417,0.15878127146733295,-0.18305211102540142,kmeans,3,2
3418,0.42730060754344107,0.5635819188314455,kmeans,3,2
3419,-0.45796641202705685,-0.772375593426363,kmeans,3,2
3420,-0.31416281183268263,-0.2279023730260224,kmeans,3,0
3421,-0.5846737453711214,0.24895364111344334,kmeans,3,2
3422,0.5124317545463173,1.9581641776006196,kmeans,3,0
3423,-0.7040053528190462,-0.766988778656433,kmeans,3,2
3424,1.4348016752556632,0.7065401854494525,kmeans,3,1
3425,-2.2988558089550852,1.60533331267767,kmeans,3,2
3426,-1.4561197007755002,-0.6814041683928407,kmeans,3,0
3427,0.9947688399972895,-0.6259466392188917,kmeans,3,1
3428,5.350094991752429,0.9625674125771536,kmeans,3,1
3429,-0.4352810520425048,1.4121252045202382,kmeans,3,2
3430,-0.4207134012009709,-1.0444933074471805,kmeans,3,0
3431,2.5324961686388408,-0.3133560689864939,kmeans,3,1
3432,1.4275783290305302,0.24490123036822395,kmeans,3,1
3433,-1.3943860055206228,-1.3270738771536683,kmeans,3,2
3434,1.028817450311107,1.3242800179731178,kmeans,3,1
3435,0.24109636173114626,-1.0127763509116576,kmeans,3,0
3436,0.11565898769280973,-1.8934749325456937,kmeans,3,0
3437,-0.20642437558960647,1.6847688779750531,kmeans,3,2
3438,1.5385403235913846,-1.6095291285933213,kmeans,3,1
3439,-4.081175441167025,0.6424531159233945,kmeans,3,2
3440,-0.8235706851612461,-0.6236661459679325,kmeans,3,2
3441,1.5312545158542201,-0.5561324493908899,kmeans,3,1
3442,-1.450483610043278,0.3944028889570297,kmeans,3,2
3443,0.16213293697286918,-0.23077921359883186,kmeans,3,0
3444,1.0645040069274703,-0.6101501709082954,kmeans,3,1
3445,-1.8747729452635322,0.8254388009892331,kmeans,3,2
3446,-2.4368717899096954,-1.801387896396172,kmeans,3,2
3447,2.5883052608585553,-0.7810663897233069,kmeans,3,1
3448,-1.4467493618786385,0.5984532318302659,kmeans,3,2
3449,1.8741077477848083,0.8492846676204595,kmeans,3,1
3450,-0.30840453165963755,0.6288404860382637,kmeans,3,2
3451,2.282519670301107,1.1110871336580754,kmeans,3,1
3452,-3.5249204014398314,-0.13506253346110647,kmeans,3,2
3453,-0.25778601663485284,1.6671656116963796,kmeans,3,2
3454,2.4598341864823987,-0.030278790785653268,kmeans,3,1
3455,-2.276191963285412,-0.21597645749244507,kmeans,3,2
3456,1.556470811675724,-3.2670785176836143,kmeans,3,0
3457,-3.8302527509521993,-3.3751366560651452,kmeans,3,2
3458,2.2899600904815527,1.0484273955513823,kmeans,3,1
3459,-0.8235697841165476,0.20417536108035073,kmeans,3,2
3460,4.426591228729102,0.6124748533685038,kmeans,3,1
3461,-2.0894070307849373,-1.2425155594605786,kmeans,3,0
3462,3.0870323289151633,-0.07711373106826402,kmeans,3,1
3463,-2.4052631310989936,-1.691056517129058,kmeans,3,0
3464,4.413812004082285,1.5026662295591529,kmeans,3,1
3465,-1.059616913376608,0.8900199838503551,kmeans,3,2
3466,4.283951473806814,0.5229405689376919,kmeans,3,1
3467,2.004446673252919,-1.8756135199173276,kmeans,3,1
3468,-2.4207790234803706,-0.3381981763883526,kmeans,3,2
3469,-1.2101482120984668,-0.2413987046163519,kmeans,3,0
3470,0.07729107532418024,-0.6951927848400682,kmeans,3,2
3471,1.7901258722563957,0.3435605309980087,kmeans,3,1
3472,1.1618588533655345,0.7657560890636905,kmeans,3,1
3473,0.25141237921705323,-0.019680169733106663,kmeans,3,2
3474,1.9341916525746619,-1.7484787815645266,kmeans,3,0
3475,1.6612542304923532,-1.0597394829766311,kmeans,3,1
3476,0.4092566310778757,1.493548139181902,kmeans,3,2
3477,-0.4176703082935847,-1.0185265588125647,kmeans,3,2
3478,-0.17813004787426556,-1.4847444981554352,kmeans,3,0
3479,-2.5423414469034333,-0.8787674643112916,kmeans,3,2
3480,1.2885428404831123,-0.021600064844400232,kmeans,3,1
3481,-3.4251361836027527,1.6363440934977156,kmeans,3,2
3482,-2.1346880726592503,0.010336548697669479,kmeans,3,2
3483,3.8234145097723617,-2.1218205542958954,kmeans,3,1
3484,-1.6852366075588336,-1.2210021829292281,kmeans,3,2
3485,0.7805228696416545,0.41312204633984057,kmeans,3,1
3486,3.9735658202253945,-0.9405158697913494,kmeans,3,1
3487,-2.9703101463823685,-0.9267798627061438,kmeans,3,2
3488,-1.1599254510517292,-1.9684789729578618,kmeans,3,0
3489,2.6404908685417126,-2.4636595571589166,kmeans,3,0
3490,4.810047597661251,1.5259256732759896,kmeans,3,1
3491,3.888384134467163,1.2607063913789767,kmeans,3,1
3492,-1.3871449269264402,0.3919367652325506,kmeans,3,2
3493,2.065846248836233,0.29752239520513557,kmeans,3,1
3494,3.220589250023331,-0.17282226482398716,kmeans,3,1
3495,0.6623908458017288,-1.4408317941080333,kmeans,3,0
3496,0.054779659716750286,-1.0966446383070134,kmeans,3,2
3497,-1.5178013565405026,0.8496250347833814,kmeans,3,2
3498,1.2704463729990847,2.146551934099693,kmeans,3,1
3499,-2.326611247594984,0.45043330881495824,kmeans,3,2
3500,-1.4299232652215574,1.2423726647893862,kmeans,3,2
